Anio,Municipio_Norm,Bovinos,TOTAL_FINCAS_BOVINOS,Porcinos,TOTAL_PREDIOS_PORCICOLAS,Aves,TOTAL_PREDIOS_AVICOLAS
2018,ABEJORRAL,27587,1244,1639,62,386,0
2018,ABRIAQUI,9084,300,310,15,586,0
2018,ALEJANDRIA,3515,235,250,30,330,0
2018,AMAGA,4899,250,18762,153,935070,18
2018,AMALFI,33684,743,2173,79,7861,2
2018,ANDES,5847,236,15683,107,37671,1
2018,ANGELOPOLIS,3201,112,52889,49,701,2
2018,ANGOSTURA,13316,554,38812,230,1915,0
2018,ANORI,29269,828,320,75,378,0
2018,ANZA,8163,214,251,34,1772,1
2018,APARTADO,17579,472,7030,331,9835,0
2018,ARBOLETES,76304,868,8350,761,3162,1
2018,ARGELIA,7928,489,145,37,382,0
2018,ARMENIA,11819,121,7196,62,5550,2
2018,BARBOSA,14946,749,80722,477,990664,21
2018,BELLO,18626,476,30444,153,149016,11
2018,BELMIRA,32692,814,8473,94,57560,1
2018,BETANIA,2021,79,10122,85,635,0
2018,BETULIA,6290,94,5216,75,763,0
2018,BRICEÑO,16419,433,321,31,329,0
2018,BURITICA,4903,185,98,13,962,0
2018,CACERES,78723,505,3618,384,2468,0
2018,CAICEDO,4608,267,432,29,268,0
2018,CALDAS,3059,193,56886,199,953396,18
2018,CAMPAMENTO,8052,386,461,40,664,0
2018,CARACOLI,21626,255,645,69,878,0
2018,CARAMANTA,5943,169,2673,49,371,0
2018,CAREPA,26888,459,4886,172,135972,1
2018,CAROLINA,5185,188,6006,103,369,0
2018,CAUCASIA,122293,750,5282,422,1938,2
2018,CAÑASGORDAS,15305,837,3174,218,2354,0
2018,CHIGORODO,52706,468,6020,204,40162,2
2018,CISNEROS,2402,132,2825,45,769,0
2018,CIUDAD BOLIVAR,7493,196,2533,162,17168,2
2018,COCORNA,10273,730,755,191,6108,4
2018,CONCEPCION,6831,405,1506,66,94501,2
2018,CONCORDIA,14474,132,53273,180,1471,0
2018,COPACABANA,4445,331,5631,130,56708,9
2018,DABEIBA,28697,756,490,51,2512,0
2018,DONMATIAS,35230,729,191018,566,853614,14
2018,EBEJICO,16731,391,148432,140,375,0
2018,EL BAGRE,23606,561,1292,45,5190,1
2018,EL CARMEN DE VIBORAL,18515,1156,3962,76,1528698,6
2018,EL SANTUARIO,11495,1143,9856,150,351538,8
2018,ENTRERRIOS,56146,828,45927,185,23226,2
2018,ENVIGADO,3061,177,28028,58,635,0
2018,FREDONIA,28641,532,38762,194,78275,2
2018,FRONTINO,26977,827,3967,96,276193,5
2018,GIRALDO,1812,88,154,7,376,0
2018,GIRARDOTA,8124,508,29989,337,575055,19
2018,GOMEZ PLATA,15675,529,20440,126,3191,2
2018,GRANADA,9806,859,1265,40,362,0
2018,GUADALUPE,6604,307,350,23,274,0
2018,GUARNE,7911,800,32980,247,116076,10
2018,GUATAPE,2796,176,977,35,1656,0
2018,HELICONIA,7176,159,6667,51,2394,0
2018,HISPANIA,5104,107,4038,32,97012,2
2018,ITAGUI,323,34,409,23,497,0
2018,ITUANGO,37211,933,832,95,2398,0
2018,JARDIN,6465,314,4561,173,3980,4
2018,JERICO,17141,399,42663,147,3481,1
2018,LA CEJA,14894,552,19046,123,219278,7
2018,LA ESTRELLA,993,94,1023,33,117078,6
2018,LA PINTADA,5631,64,1005,29,2956,0
2018,LA UNION,25234,1011,3621,87,67238,3
2018,LIBORINA,7748,401,3024,68,373,0
2018,MACEO,43756,469,2011,71,268,0
2018,MARINILLA,15075,1216,31821,258,198911,9
2018,MEDELLIN,13458,639,163694,543,911823,24
2018,MONTEBELLO,2124,157,607,34,1103,0
2018,MURINDO,283,21,287,32,1500,0
2018,MUTATA,75237,579,5821,360,3301,0
2018,NARIÑO,12925,791,975,93,175,0
2018,NECHI,34572,460,2521,183,972,0
2018,NECOCLI,103487,1461,4201,275,2694,0
2018,OLAYA,3183,144,157,116,373,0
2018,PEQUE,5560,307,231,32,2278,2
2018,PEÑOL,6025,830,3972,151,45318,3
2018,PUEBLORRICO,3799,213,511,52,982,0
2018,PUERTO BERRIO,99141,406,3809,226,1293,0
2018,PUERTO NARE,54152,396,882,61,2398,0
2018,PUERTO TRIUNFO,45655,251,1570,58,1598,0
2018,REMEDIOS,120462,808,1971,64,702,1
2018,RETIRO,5452,357,15768,112,229501,4
2018,RIONEGRO,15004,1110,29698,197,698693,8
2018,SABANALARGA,3426,223,277,27,667,0
2018,SABANETA,484,27,195,16,256703,4
2018,SALGAR,7857,290,10751,122,2387,0
2018,SAN ANDRES DE CUERQUIA,10237,373,517,43,374,0
2018,SAN CARLOS,25383,893,586,99,1286,0
2018,SAN FRANCISCO,4673,263,216,35,984,0
2018,SAN JERONIMO,5844,380,1005,64,1596,0
2018,SAN JOSE DE LA MONTAÑA,14969,237,1863,56,697,0
2018,SAN JUAN DE URABA,17213,228,2142,295,371,0
2018,SAN LUIS,16195,319,881,297,664,0
2018,SAN PEDRO DE LOS MILAGROS,84056,1943,65572,577,173759,3
2018,SAN PEDRO DE URABA,68299,1029,3879,397,40820,0
2018,SAN RAFAEL,11608,568,2858,140,1390,0
2018,SAN ROQUE,21137,511,12738,110,2735,1
2018,SAN VICENTE FERRER,10048,1299,3783,100,36764,2
2018,SANTA BARBARA,14805,395,29039,390,15159,2
2018,SANTA FE DE ANTIOQUIA,0,0,0,0,85435,3
2018,SANTA ROSA DE OSOS,144379,2743,121666,533,500706,5
2018,SANTAFE DE ANTIOQUIA,14083,596,364,32,0,0
2018,SANTO DOMINGO,13767,621,76257,125,311304,2
2018,SEGOVIA,29543,252,421,63,1905,1
2018,SONSON,67751,1321,2048,83,2423,0
2018,SOPETRAN,9662,410,790,158,4950,1
2018,TAMESIS,14149,425,50798,336,18316,4
2018,TARAZA,33476,392,2135,127,1705,0
2018,TARSO,11250,190,690,30,983,0
2018,TITIRIBI,13776,207,3334,105,242883,1
2018,TOLEDO,3158,135,278,90,668,0
2018,TURBO,168870,1892,8511,502,7952,2
2018,URAMITA,11246,412,365,23,373,0
2018,URRAO,25241,719,12899,557,3818,6
2018,VALDIVIA,24662,560,1955,221,2402,0
2018,VALPARAISO,14238,158,6263,59,333,0
2018,VEGACHI,23097,303,2010,180,1554,1
2018,VENECIA,12716,180,3083,55,29708,2
2018,VIGIA DEL FUERTE,278,17,252,23,650,0
2018,YALI,26744,324,1268,64,1052,0
2018,YARUMAL,58069,1309,44508,460,4076,1
2018,YOLOMBO,37746,654,16384,193,235476,3
2018,YONDO,116207,862,1155,57,695,0
2018,ZARAGOZA,20942,363,572,83,1743,3
2022,ABEJORRAL,25922,1113,1307,10,554,0
2022,ABRIAQUI,9676,298,133,6,838,0
2022,ALEJANDRIA,3873,225,80,3,454,0
2022,AMAGA,4389,228,22028,35,659210,9
2022,AMALFI,37633,849,4046,86,12291,4
2022,ANDES,6160,263,17119,16,43401,1
2022,ANGELOPOLIS,2901,101,38159,12,852,0
2022,ANGOSTURA,14145,536,11464,26,2534,0
2022,ANORI,37392,905,3576,331,545,0
2022,ANZA,8767,249,911,9,386,0
2022,APARTADO,20381,463,10885,597,14309,0
2022,ARBOLETES,69077,905,4827,532,4087,0
2022,ARGELIA,10876,442,166,6,501,0
2022,ARMENIA,11416,116,8424,8,1682,0
2022,BARBOSA,15746,780,151467,69,787600,15
2022,BELLO,20106,459,50848,49,439300,8
2022,BELMIRA,38821,689,15728,11,120565,1
2022,BETANIA,2677,67,12342,10,815,0
2022,BETULIA,8109,140,4536,6,865,0
2022,BRICEÑO,20052,513,580,21,461,0
2022,BURITICA,5334,206,1249,9,1358,0
2022,CACERES,81056,470,7896,393,3084,0
2022,CAICEDO,5183,313,435,8,366,0
2022,CALDAS,3311,137,82561,27,776103,13
2022,CAMPAMENTO,9975,405,778,40,876,0
2022,CARACOLI,23551,292,1123,21,1152,0
2022,CARAMANTA,5543,157,3080,8,528,0
2022,CAREPA,28472,437,5315,181,148387,1
2022,CAROLINA,5190,179,19611,11,365,0
2022,CAUCASIA,124556,727,7436,305,1585,0
2022,CAÑASGORDAS,16271,860,2914,135,3270,0
2022,CHIGORODO,43285,404,12748,317,131180,1
2022,CISNEROS,2090,123,3729,7,953,0
2022,CIUDAD BOLIVAR,8143,221,3091,78,15646,1
2022,COCORNA,11633,728,4519,79,4667,1
2022,CONCEPCION,8199,453,243,8,128753,2
2022,CONCORDIA,13239,130,80514,11,7991,1
2022,COPACABANA,4407,331,17256,26,28563,2
2022,DABEIBA,31111,845,436,7,3535,0
2022,DONMATIAS,37897,710,195032,115,678421,10
2022,EBEJICO,17148,419,186055,77,530,0
2022,EL BAGRE,26176,397,2642,24,5119,0
2022,EL CARMEN DE VIBORAL,17509,1067,987,7,1288766,2
2022,EL SANTUARIO,12222,1042,16127,18,385095,7
2022,ENTRERRIOS,58871,731,58623,51,1345,0
2022,ENVIGADO,2475,160,22278,6,638,0
2022,FREDONIA,26674,553,39482,44,72488,1
2022,FRONTINO,30152,825,7051,9,233510,3
2022,GIRALDO,1744,103,314,10,497,0
2022,GIRARDOTA,9556,452,69196,43,553820,11
2022,GOMEZ PLATA,19814,458,27544,25,8303,1
2022,GRANADA,11155,926,3006,9,593,0
2022,GUADALUPE,7578,276,270,3,379,0
2022,GUARNE,7128,791,36019,24,118957,6
2022,GUATAPE,2076,128,1108,2,1989,0
2022,HELICONIA,8495,168,5761,7,2963,0
2022,HISPANIA,5864,93,4591,5,73588,1
2022,ITAGUI,487,22,594,4,513,0
2022,ITUANGO,41941,1015,1086,10,3013,0
2022,JARDIN,5680,264,1626,16,3696,0
2022,JERICO,15850,378,38210,43,5064,1
2022,LA CEJA,14529,587,18125,6,227053,4
2022,LA ESTRELLA,951,82,1234,5,111220,3
2022,LA PINTADA,6261,60,719,72,3605,0
2022,LA UNION,27307,1000,1947,4,18761,2
2022,LIBORINA,7991,441,4242,25,608,0
2022,MACEO,48586,511,5667,40,402,0
2022,MARINILLA,12095,931,34767,32,65025,5
2022,MEDELLIN,13787,582,178755,70,865035,19
2022,MONTEBELLO,2229,152,208,17,1531,0
2022,MURINDO,352,162,0,0,1787,0
2022,MUTATA,79758,610,11127,218,4805,0
2022,NARIÑO,12336,783,287,3,237,0
2022,NECHI,40028,483,8165,184,1279,0
2022,NECOCLI,102029,1515,23011,1307,3697,0
2022,OLAYA,3587,148,10,1,438,0
2022,PEQUE,6720,383,2000,22,1280,0
2022,PEÑOL,6119,723,1817,14,3925,0
2022,PUEBLORRICO,3566,209,2429,37,1704,0
2022,PUERTO BERRIO,109529,454,16709,50,1865,0
2022,PUERTO NARE,56786,408,2916,199,2996,0
2022,PUERTO TRIUNFO,46198,243,877,112,2315,0
2022,REMEDIOS,159683,1083,6039,147,1100,0
2022,RETIRO,4985,343,18009,6,322931,4
2022,RIONEGRO,16636,1078,26502,14,773064,9
2022,SABANALARGA,3741,243,214,5,998,0
2022,SABANETA,571,30,50,1,199298,2
2022,SALGAR,7492,235,17439,81,3051,0
2022,SAN ANDRES DE CUERQUIA,11970,333,1091,7,533,0
2022,SAN CARLOS,28271,843,589,11,1952,0
2022,SAN FRANCISCO,6111,266,1122,41,1309,0
2022,SAN JERONIMO,6812,392,145,3,1903,0
2022,SAN JOSE DE LA MONTAÑA,16404,216,1680,3,914,0
2022,SAN JUAN DE URABA,16514,199,6641,431,525,0
2022,SAN LUIS,21793,450,2025,110,1015,0
2022,SAN PEDRO DE LOS MILAGROS,83258,1723,109254,112,156521,3
2022,SAN PEDRO DE URABA,69147,1078,8918,592,49351,0
2022,SAN RAFAEL,12896,653,916,3,1756,0
2022,SAN ROQUE,23234,600,35588,112,1393,0
2022,SAN VICENTE FERRER,10131,1314,5038,20,57211,1
2022,SANTA BARBARA,13659,388,41724,105,5514,0
2022,SANTA FE DE ANTIOQUIA,0,0,0,0,30921,1
2022,SANTA ROSA DE OSOS,167006,2583,178707,112,144463,5
2022,SANTAFE DE ANTIOQUIA,16231,645,120,2,0,0
2022,SANTO DOMINGO,15874,665,113849,34,420926,4
2022,SEGOVIA,53416,413,1829,89,1026,0
2022,SONSON,65561,1361,5838,163,3238,0
2022,SOPETRAN,11320,426,652,6,4727,0
2022,TAMESIS,15009,426,48712,129,4084,0
2022,TARAZA,34988,412,3547,154,2479,0
2022,TARSO,10496,176,171,14,1418,0
2022,TITIRIBI,12162,192,12449,14,141231,1
2022,TOLEDO,3809,107,245,10,988,0
2022,TURBO,184876,2050,31875,969,17831,2
2022,URAMITA,11128,400,149,7,535,0
2022,URRAO,31041,775,25601,68,1030,0
2022,VALDIVIA,28495,573,2639,155,2850,0
2022,VALPARAISO,12908,156,15263,12,1405,0
2022,VEGACHI,29980,359,1773,36,2564,0
2022,VENECIA,12743,182,593,2,4300,0
2022,VIGIA DEL FUERTE,334,178,0,0,815,0
2022,YALI,29298,342,1998,8,1479,0
2022,YARUMAL,63913,1141,80825,80,3871,0
2022,YOLOMBO,45512,735,99361,56,305715,3
2022,YONDO,133792,957,4969,177,925,0
2022,ZARAGOZA,25557,296,629,14,5038,4
2023,ABEJORRAL,24772,1063,1307,10,0,0
2023,ABRIAQUI,9251,298,133,6,2000,0
2023,ALEJANDRIA,3777,221,80,3,1354,1
2023,AMAGA,4355,209,22028,35,737150,12
2023,AMALFI,39001,849,4046,86,11962,5
2023,ANDES,5913,257,17119,16,32401,1
2023,ANGELOPOLIS,2871,102,38159,12,852,0
2023,ANGOSTURA,13954,505,11464,26,2300,0
2023,ANORI,39672,862,3576,331,7500,0
2023,ANZA,9154,261,911,9,386,0
2023,APARTADO,19872,438,10885,597,16000,1
2023,ARBOLETES,74194,899,4827,532,3697,0
2023,ARGELIA,11681,464,166,6,440,0
2023,ARMENIA,10908,109,8424,8,1500,0
2023,BARBOSA,15842,782,151467,69,676063,14
2023,BELLO,19143,433,50848,49,425200,7
2023,BELMIRA,36416,688,15728,11,40600,1
2023,BETANIA,2532,67,12342,10,0,0
2023,BETULIA,8028,141,4536,6,950,0
2023,BRICEÑO,19555,504,580,21,400,0
2023,BURITICA,5674,197,1249,9,4000,0
2023,CACERES,86036,493,7896,393,5620,2
2023,CAICEDO,4999,308,435,8,386,0
2023,CALDAS,3228,154,82561,27,736900,15
2023,CAMPAMENTO,9444,375,778,40,1300,0
2023,CARACOLI,23293,293,1123,21,1152,0
2023,CARAMANTA,4871,150,3080,8,5250,1
2023,CAREPA,27218,431,5315,181,133600,2
2023,CAROLINA,5241,173,19611,11,1200,0
2023,CAUCASIA,131886,714,7436,305,2500,0
2023,CAÑASGORDAS,15805,855,2914,135,4000,0
2023,CHIGORODO,46745,389,12748,317,63000,1
2023,CISNEROS,1995,122,3729,7,3415,1
2023,CIUDAD BOLIVAR,7654,214,3091,78,6200,3
2023,COCORNA,12035,719,4519,79,3500,0
2023,CONCEPCION,7838,445,243,8,145900,2
2023,CONCORDIA,11329,123,80514,11,7200,1
2023,COPACABANA,4349,310,17256,26,29053,2
2023,DABEIBA,31575,843,436,7,5800,1
2023,DONMATIAS,36077,665,195032,115,848800,12
2023,EBEJICO,17358,419,186055,77,1100,0
2023,EL BAGRE,25816,387,2642,24,6000,0
2023,EL CARMEN DE VIBORAL,16106,992,987,7,1576367,3
2023,EL SANTUARIO,11783,962,16127,18,454487,7
2023,ENTRERRIOS,57861,735,58623,51,1200,0
2023,ENVIGADO,2212,152,22278,6,750,0
2023,FREDONIA,24562,517,39482,44,76021,2
2023,FRONTINO,29366,812,7051,9,287148,3
2023,GIRALDO,1898,101,314,10,850,0
2023,GIRARDOTA,9030,420,69196,43,546700,15
2023,GOMEZ PLATA,18586,394,27544,25,13200,1
2023,GRANADA,11281,931,3006,9,510,0
2023,GUADALUPE,8215,310,270,3,450,0
2023,GUARNE,6281,668,36019,24,138600,7
2023,GUATAPE,1979,132,1108,2,3000,0
2023,HELICONIA,8241,165,5761,7,3000,0
2023,HISPANIA,5940,95,4591,5,67200,1
2023,ITAGUI,415,23,594,4,600,0
2023,ITUANGO,45807,1052,1086,10,3500,0
2023,JARDIN,5037,242,1626,16,2800,0
2023,JERICO,14426,375,38210,43,11100,1
2023,LA CEJA,12898,526,18125,6,229094,4
2023,LA ESTRELLA,1005,87,1234,5,111620,4
2023,LA PINTADA,6635,57,719,72,3497,0
2023,LA UNION,23147,918,1947,4,59305,2
2023,LIBORINA,7974,432,4242,25,642,0
2023,MACEO,48137,499,5667,40,400,0
2023,MARINILLA,11971,960,34767,32,60950,5
2023,MEDELLIN,12934,583,178755,70,861458,19
2023,MONTEBELLO,2124,142,208,17,1597,1
2023,MURINDO,396,162,0,0,3125,4
2023,MUTATA,77356,606,11127,218,5359,1
2023,NARIÑO,12600,802,287,3,400,0
2023,NECHI,37275,458,8165,184,1570,0
2023,NECOCLI,107335,1501,23011,1307,4900,1
2023,OLAYA,4075,156,10,1,550,0
2023,PEQUE,7200,387,2000,22,1834,0
2023,PEÑOL,6742,727,1817,14,5700,1
2023,PUEBLORRICO,3572,201,2429,37,1643,0
2023,PUERTO BERRIO,110906,451,16709,50,2100,0
2023,PUERTO NARE,53246,404,2916,199,3150,0
2023,PUERTO TRIUNFO,47578,242,877,112,1924,0
2023,REMEDIOS,164652,1098,6039,147,1564,0
2023,RETIRO,4249,305,18009,6,293721,4
2023,RIONEGRO,15696,993,26502,14,809217,13
2023,SABANALARGA,3557,229,214,5,1160,0
2023,SABANETA,418,30,50,1,198750,2
2023,SALGAR,6811,226,17439,81,3000,0
2023,SAN ANDRES DE CUERQUIA,11698,330,1091,7,1200,0
2023,SAN CARLOS,29922,850,589,11,2350,0
2023,SAN FRANCISCO,6240,255,1122,41,1378,0
2023,SAN JERONIMO,7074,408,145,3,2500,0
2023,SAN JOSE DE LA MONTAÑA,15798,213,1680,3,900,0
2023,SAN JUAN DE URABA,17402,195,6641,431,780,0
2023,SAN LUIS,21308,426,2025,110,945,0
2023,SAN PEDRO DE LOS MILAGROS,78998,1678,109254,112,89200,4
2023,SAN PEDRO DE URABA,73803,1084,8918,592,49000,0
2023,SAN RAFAEL,12919,662,916,3,2578,0
2023,SAN ROQUE,22657,577,35588,112,1950,0
2023,SAN VICENTE FERRER,9214,1225,5038,20,125570,2
2023,SANTA BARBARA,14247,378,41724,105,5540,0
2023,SANTA FE DE ANTIOQUIA,0,0,0,0,149400,3
2023,SANTA ROSA DE OSOS,165781,2600,178707,112,219556,7
2023,SANTAFE DE ANTIOQUIA,17177,656,120,2,0,0
2023,SANTO DOMINGO,16789,653,113849,34,502304,5
2023,SEGOVIA,54060,429,1829,89,2000,0
2023,SONSON,62470,1354,5838,163,10500,1
2023,SOPETRAN,11994,418,652,6,6500,0
2023,TAMESIS,14138,428,48712,129,11410,2
2023,TARAZA,41200,418,3547,154,3100,0
2023,TARSO,10871,171,171,14,1510,0
2023,TITIRIBI,11350,192,12449,14,141256,1
2023,TOLEDO,3886,132,245,10,950,0
2023,TURBO,175863,1980,31875,969,38180,8
2023,URAMITA,11542,388,149,7,1750,0
2023,URRAO,29103,756,25601,68,1910,1
2023,VALDIVIA,28569,590,2639,155,3200,0
2023,VALPARAISO,11021,159,15263,12,1500,0
2023,VEGACHI,32449,369,1773,36,3500,0
2023,VENECIA,11693,198,593,2,4300,0
2023,VIGIA DEL FUERTE,367,195,0,0,2100,0
2023,YALI,29550,334,1998,8,1500,0
2023,YARUMAL,62003,1128,80825,80,4000,1
2023,YOLOMBO,45340,732,99361,56,441500,4
2023,YONDO,136146,942,4969,177,1250,0
2023,ZARAGOZA,26644,289,629,14,5500,4
2024,ABEJORRAL,22557,997,1360,25,0,0
2024,ABRIAQUI,8981,296,145,14,2318,0
2024,ALEJANDRIA,3560,220,91,9,1379,1
2024,AMAGA,4160,217,30584,48,660585,12
2024,AMALFI,38613,824,4890,97,2699,2
2024,ANDES,5747,247,18126,19,32230,1
2024,ANGELOPOLIS,2729,100,43106,21,834,0
2024,ANGOSTURA,15263,482,11972,26,2256,0
2024,ANORI,38015,833,4073,331,7165,0
2024,ANZA,8951,289,1088,16,338,0
2024,APARTADO,20729,451,12196,597,14300,0
2024,ARBOLETES,67619,904,5293,532,3678,1
2024,ARGELIA,11152,422,213,13,389,0
2024,ARMENIA,10194,109,8218,11,1238,0
2024,BARBOSA,15675,761,221433,70,611967,15
2024,BELLO,17979,425,79908,51,427641,9
2024,BELMIRA,7459,689,27881,17,40586,1
2024,BETANIA,3329,70,15671,19,1000,0
2024,BETULIA,7445,119,49840,22,917,0
2024,BRICEÑO,20137,529,808,23,371,0
2024,BURITICA,6071,215,1533,13,3965,0
2024,CACERES,84778,483,9184,393,5209,2
2024,CAICEDO,5279,311,527,17,390,0
2024,CALDAS,2842,148,84668,37,564632,12
2024,CAMPAMENTO,9352,372,850,40,1145,0
2024,CARACOLI,23614,299,1224,29,1132,0
2024,CARAMANTA,4486,128,3209,14,3707,1
2024,CAREPA,25158,404,5599,189,133490,2
2024,CAROLINA,5143,166,19599,26,1193,0
2024,CAUCASIA,126251,711,8174,320,2700,0
2024,CAÑASGORDAS,16397,879,3137,135,3386,0
2024,CHIGORODO,43639,396,29244,362,62450,1
2024,CISNEROS,2012,115,3926,19,3589,1
2024,CIUDAD BOLIVAR,7784,203,3788,79,5769,2
2024,COCORNA,10575,676,4925,101,3469,2
2024,CONCEPCION,7820,446,289,12,159340,2
2024,CONCORDIA,12954,138,84160,22,7148,1
2024,COPACABANA,4411,284,20488,65,28119,4
2024,DABEIBA,31664,886,538,70,6236,2
2024,DONMATIAS,34919,689,340585,153,817329,12
2024,EBEJICO,17068,408,272452,77,1000,0
2024,EL BAGRE,26310,371,4810,37,6180,0
2024,EL CARMEN DE VIBORAL,14756,865,1770,27,1583306,4
2024,EL SANTUARIO,11360,971,20677,20,461208,8
2024,ENTRERRIOS,54658,688,72451,194,1194,0
2024,ENVIGADO,2049,126,98484,29,734,0
2024,FREDONIA,24170,504,52152,75,87321,2
2024,FRONTINO,29551,810,7271,11,287104,3
2024,GIRALDO,1891,98,394,17,845,0
2024,GIRARDOTA,8837,398,71342,43,480469,12
2024,GOMEZ PLATA,17954,393,30474,25,13200,1
2024,GRANADA,10862,866,3242,13,495,0
2024,GUADALUPE,8029,263,283,3,432,0
2024,GUARNE,6027,614,50283,26,110736,6
2024,GUATAPE,1827,128,2183,5,3287,0
2024,HELICONIA,8198,151,5841,11,3578,0
2024,HISPANIA,6246,99,4769,7,106200,1
2024,ITAGUI,428,25,691,9,608,0
2024,ITUANGO,42351,896,1130,15,3178,0
2024,JARDIN,5101,214,1782,16,2365,0
2024,JERICO,13079,375,38530,43,7200,1
2024,LA CEJA,11582,490,18802,12,249045,4
2024,LA ESTRELLA,882,79,1773,14,115224,4
2024,LA PINTADA,5956,59,42021,82,3000,0
2024,LA UNION,21586,821,2014,12,70395,1
2024,LIBORINA,7927,432,4371,33,600,0
2024,MACEO,46496,494,6183,46,437,0
2024,MARINILLA,12420,900,68281,32,80930,5
2024,MEDELLIN,11768,528,180290,70,772883,19
2024,MONTEBELLO,1724,111,42868,30,1284,0
2024,MURINDO,370,150,0,0,2989,4
2024,MUTATA,75003,621,15191,227,5369,1
2024,NARIÑO,12478,771,358,11,431,0
2024,NECHI,34255,441,8567,188,1525,0
2024,NECOCLI,100857,1430,25812,1307,4806,2
2024,OLAYA,4087,165,22,1,520,0
2024,PEQUE,7709,403,2102,25,1831,0
2024,PEÑOL,6864,715,1856,17,21000,2
2024,PUEBLORRICO,3484,190,2564,40,1683,0
2024,PUERTO BERRIO,108438,459,29363,60,2100,0
2024,PUERTO NARE,51986,391,3040,199,3138,0
2024,PUERTO TRIUNFO,45642,249,952,112,1760,0
2024,REMEDIOS,164528,1054,6166,147,1500,0
2024,RETIRO,3899,294,18771,7,329673,5
2024,RIONEGRO,15079,881,27047,21,613935,12
2024,SABANALARGA,3566,253,253,14,1159,0
2024,SABANETA,481,35,57,5,222543,3
2024,SALGAR,6370,193,17606,81,2783,0
2024,SAN ANDRES DE CUERQUIA,10161,280,1421,14,1204,0
2024,SAN CARLOS,27305,803,1092,24,2359,0
2024,SAN FRANCISCO,6124,248,1331,45,1368,0
2024,SAN JERONIMO,6931,389,221,3,2300,0
2024,SAN JOSE DE LA MONTAÑA,14029,205,1734,3,879,0
2024,SAN JUAN DE URABA,15167,180,6958,431,9700,1
2024,SAN LUIS,20188,432,2025,110,940,0
2024,SAN PEDRO DE LOS MILAGROS,78269,1572,137465,112,99132,6
2024,SAN PEDRO DE URABA,69620,1085,12621,596,49800,0
2024,SAN RAFAEL,12922,674,1101,10,2543,0
2024,SAN ROQUE,20826,541,37606,112,3477,1
2024,SAN VICENTE FERRER,9096,1102,46533,23,123570,2
2024,SANTA BARBARA,12870,357,42901,105,5500,1
2024,SANTA FE DE ANTIOQUIA,0,0,0,0,85324,3
2024,SANTA ROSA DE OSOS,158734,2377,288621,118,148627,7
2024,SANTAFE DE ANTIOQUIA,16698,677,170,3,0,0
2024,SANTO DOMINGO,16994,648,27057,38,582823,5
2024,SEGOVIA,53498,405,2051,89,2000,0
2024,SONSON,59110,1260,7222,163,3467,0
2024,SOPETRAN,11298,416,792,6,6459,0
2024,TAMESIS,14384,436,61352,129,4300,0
2024,TARAZA,39372,387,5057,154,2785,0
2024,TARSO,10296,165,216,14,1510,0
2024,TITIRIBI,10120,190,13978,14,141144,1
2024,TOLEDO,3055,99,340,10,942,0
2024,TURBO,177166,1897,38879,969,32590,7
2024,URAMITA,11203,392,149,7,1578,0
2024,URRAO,30236,744,25601,68,1167,0
2024,VALDIVIA,27599,544,2639,155,3127,0
2024,VALPARAISO,10339,158,16499,12,1436,0
2024,VEGACHI,32664,362,1773,36,4150,2
2024,VENECIA,11694,210,593,3,4267,0
2024,VIGIA DEL FUERTE,335,175,0,0,1867,0
2024,YALI,31177,317,2500,9,1500,0
2024,YARUMAL,59064,1087,101760,89,3900,1
2024,YOLOMBO,45984,739,144751,95,441532,4
2024,YONDO,138472,939,7160,213,1173,0
2024,ZARAGOZA,27841,300,1101,42,3600,1
2025,ABEJORRAL,23658,504,1444,25,0,0
2025,ABRIAQUI,9573,300,145,14,2318,0
2025,ALEJANDRIA,3791,217,91,9,1379,1
2025,AMAGA,4549,218,30584,48,598560,10
2025,AMALFI,40409,818,4890,97,2699,2
2025,ANDES,6123,254,18126,19,32230,1
2025,ANGELOPOLIS,2804,94,43106,21,834,0
2025,ANGOSTURA,14391,454,11972,26,2256,0
2025,ANORI,37240,510,4073,331,7165,0
2025,ANZA,8782,280,1088,16,338,0
2025,APARTADO,21454,502,12196,597,14300,0
2025,ARBOLETES,64603,538,5293,532,3678,1
2025,ARGELIA,11416,423,213,13,389,0
2025,ARMENIA,10311,106,8218,11,1238,0
2025,BARBOSA,16052,755,197796,70,603891,13
2025,BELLO,18018,435,84190,51,478461,7
2025,BELMIRA,36186,321,27881,17,40586,1
2025,BETANIA,3051,130,15671,19,1000,0
2025,BETULIA,7696,364,49840,22,917,0
2025,BRICEÑO,21040,245,808,23,371,0
2025,BURITICA,6252,321,1533,13,3965,0
2025,CACERES,86604,335,9184,393,4909,1
2025,CAICEDO,5350,257,527,17,390,0
2025,CALDAS,3057,322,84668,37,517610,9
2025,CAMPAMENTO,9230,372,850,40,1145,0
2025,CARACOLI,23986,307,1224,29,1132,0
2025,CARAMANTA,4274,221,3209,14,3707,1
2025,CAREPA,25177,406,5599,189,133490,2
2025,CAROLINA,5308,158,19599,26,51193,1
2025,CAUCASIA,124106,618,8174,320,2700,0
2025,CAÑASGORDAS,16298,670,3137,135,3386,0
2025,CHIGORODO,44341,400,29244,362,62450,1
2025,CISNEROS,2012,121,3926,19,3589,1
2025,CIUDAD BOLIVAR,7558,423,3788,79,5769,2
2025,COCORNA,11112,384,4925,101,3469,2
2025,CONCEPCION,8347,836,289,12,159340,2
2025,CONCORDIA,12831,416,84160,22,7148,1
2025,COPACABANA,3693,248,20488,65,28119,3
2025,DABEIBA,32137,527,538,70,6236,2
2025,DONMATIAS,36082,215,345791,153,915321,12
2025,EBEJICO,16429,416,273500,77,1000,0
2025,EL BAGRE,27132,130,4810,37,6180,0
2025,EL CARMEN DE VIBORAL,15053,658,1770,27,1583306,4
2025,EL SANTUARIO,11029,771,20677,20,459608,7
2025,ENTRERRIOS,57077,80,75935,194,1194,0
2025,ENVIGADO,1860,130,98484,29,734,0
2025,FREDONIA,25174,325,51706,75,91021,3
2025,FRONTINO,30073,277,7271,11,287104,3
2025,GIRALDO,1961,103,394,17,845,0
2025,GIRARDOTA,7968,369,71342,43,471379,10
2025,GOMEZ PLATA,18944,140,33069,25,13500,2
2025,GRANADA,11145,680,3242,13,495,0
2025,GUADALUPE,7714,153,283,3,432,0
2025,GUARNE,6509,585,50283,26,110736,6
2025,GUATAPE,1667,123,2183,5,3287,0
2025,HELICONIA,8604,181,6676,11,3578,0
2025,HISPANIA,6121,101,4769,7,110200,1
2025,ITAGUI,475,27,691,9,608,0
2025,ITUANGO,41840,340,1130,15,3178,0
2025,JARDIN,5139,119,1782,16,2365,0
2025,JERICO,13822,378,38530,43,7200,1
2025,LA CEJA,11524,330,18802,12,249045,4
2025,LA ESTRELLA,971,80,1773,14,115224,4
2025,LA PINTADA,5894,121,42021,82,3000,0
2025,LA UNION,22408,308,2014,12,70395,1
2025,LIBORINA,7934,279,4371,33,600,0
2025,MACEO,46417,155,10872,46,437,0
2025,MARINILLA,12425,633,68281,32,31930,4
2025,MEDELLIN,12628,596,387011,70,668945,16
2025,MONTEBELLO,1797,111,42868,30,1284,0
2025,MURINDO,416,149,0,0,2989,4
2025,MUTATA,79783,472,15191,227,5369,1
2025,NARIÑO,12482,154,358,11,431,0
2025,NECHI,36302,535,8567,188,1525,0
2025,NECOCLI,99206,1305,25812,1307,4778,1
2025,OLAYA,3785,165,22,1,520,0
2025,PEQUE,7423,486,2102,25,1831,0
2025,PEÑOL,6904,728,1856,17,21000,2
2025,PUEBLORRICO,3109,181,2564,40,1683,0
2025,PUERTO BERRIO,109351,1078,29363,60,2100,0
2025,PUERTO NARE,49927,361,3040,199,3138,0
2025,PUERTO TRIUNFO,43632,77,952,112,1760,0
2025,REMEDIOS,172387,486,6166,147,1500,0
2025,RETIRO,3901,285,18771,7,329673,5
2025,RIONEGRO,14207,519,29765,21,613935,12
2025,SABANALARGA,3513,237,253,14,1159,0
2025,SABANETA,470,36,57,5,198543,2
2025,SALGAR,6275,209,17606,81,2783,0
2025,SAN ANDRES DE CUERQUIA,9633,267,1421,14,1204,0
2025,SAN CARLOS,27844,342,1092,24,2359,0
2025,SAN FRANCISCO,5618,211,1331,45,1368,0
2025,SAN JERONIMO,6647,372,221,3,2300,0
2025,SAN JOSE DE LA MONTAÑA,15249,117,1734,3,879,0
2025,SAN JUAN DE URABA,14479,179,6958,431,9700,1
2025,SAN LUIS,20499,497,2025,110,940,0
2025,SAN PEDRO DE LOS MILAGROS,75748,1532,126055,112,97132,5
2025,SAN PEDRO DE URABA,69693,976,12621,596,49800,0
2025,SAN RAFAEL,12543,624,1101,10,2543,0
2025,SAN ROQUE,22975,1049,37606,112,3477,1
2025,SAN VICENTE FERRER,9002,530,46533,23,127570,2
2025,SANTA BARBARA,12554,474,40523,105,5500,1
2025,SANTA FE DE ANTIOQUIA,0,0,0,0,85324,3
2025,SANTA ROSA DE OSOS,159389,749,338069,118,258627,6
2025,SANTAFE DE ANTIOQUIA,16420,548,170,3,0,0
2025,SANTO DOMINGO,16916,624,44883,38,583291,5
2025,SEGOVIA,55671,895,2051,89,2000,0
2025,SONSON,60033,152,7222,163,3467,0
2025,SOPETRAN,11321,399,792,6,6459,0
2025,TAMESIS,14940,473,61352,129,4300,0
2025,TARAZA,39086,257,5057,154,2785,0
2025,TARSO,9001,217,216,14,1510,0
2025,TITIRIBI,10536,536,13978,14,141144,1
2025,TOLEDO,2955,84,340,10,942,0
2025,TURBO,180293,260,38879,969,32590,7
2025,URAMITA,10747,432,149,7,1578,0
2025,URRAO,32215,361,25601,68,1167,0
2025,VALDIVIA,28428,300,2639,155,3127,0
2025,VALPARAISO,10794,265,15715,12,1436,0
2025,VEGACHI,34312,282,1773,36,19150,2
2025,VENECIA,11574,137,593,3,4267,0
2025,VIGIA DEL FUERTE,404,362,0,0,1867,0
2025,YALI,32829,669,4233,9,1500,0
2025,YARUMAL,62974,197,102389,89,4900,2
2025,YOLOMBO,47420,320,151220,95,449080,4
2025,YONDO,126743,758,7160,213,1173,0
2025,ZARAGOZA,27461,99,1101,42,3600,1
