AÑO;DEPARTAMENTO;MUNICIPIO;CODIGO_MUNICIPIO;TERNERAS<1_AÑO;TERNEROS<1_AÑO;HEMBRAS_1_2_AÑOS;MACHOS_1_2_AÑOS;HEMBRAS_2_3_AÑOS;MACHOS_2_3_AÑOS;HEMBRAS>3_AÑOS;MACHOS>3_AÑOS;NUM_FINCAS_1_A_50_BOV;NUM_FINCAS_51_A_100_BOV;NUM_FINCAS_101_A_500_BOV;NUM_FINCAS_>_501_BOV;TOTAL_BOVINOS;TOTAL_FINCAS_BOVINOS
2018;ANTIOQUIA;ABEJORRAL;;3405.0;1908.0;4742.0;2949.0;2760.0;1704.0;9560.0;559.0;1141.0;74.0;29.0;0.0;27587.0;1244.0
2018;ANTIOQUIA;ABRIAQUI;;1146.0;891.0;1058.0;1370.0;1014.0;451.0;3045.0;109.0;257.0;33.0;10.0;0.0;9084.0;300.0
2018;ANTIOQUIA;ALEJANDRIA;;323.0;219.0;417.0;216.0;572.0;95.0;1512.0;161.0;225.0;6.0;4.0;0.0;3515.0;235.0
2018;ANTIOQUIA;AMAGA;;412.0;416.0;564.0;951.0;950.0;629.0;925.0;52.0;230.0;11.0;9.0;0.0;4899.0;250.0
2018;ANTIOQUIA;AMALFI;;3262.0;2866.0;3097.0;5694.0;3898.0;5173.0;9102.0;592.0;582.0;88.0;67.0;6.0;33684.0;743.0
2018;ANTIOQUIA;ANDES;;489.0;336.0;896.0;1001.0;928.0;723.0;1298.0;176.0;208.0;21.0;6.0;1.0;5847.0;236.0
2018;ANTIOQUIA;ANGELOPOLIS;;260.0;127.0;440.0;797.0;304.0;657.0;516.0;100.0;99.0;8.0;5.0;0.0;3201.0;112.0
2018;ANTIOQUIA;ANGOSTURA;;1843.0;673.0;1924.0;837.0;2331.0;433.0;4954.0;321.0;496.0;42.0;16.0;0.0;13316.0;554.0
2018;ANTIOQUIA;ANORI;;3446.0;3032.0;3506.0;2927.0;3418.0;2171.0;9853.0;916.0;650.0;142.0;36.0;0.0;29269.0;828.0
2018;ANTIOQUIA;ANZA;;535.0;545.0;1002.0;989.0;1286.0;1749.0;1841.0;216.0;182.0;16.0;15.0;1.0;8163.0;214.0
2018;ANTIOQUIA;APARTADO;;1619.0;1144.0;2721.0;2083.0;2311.0;1894.0;5442.0;365.0;394.0;45.0;31.0;2.0;17579.0;472.0
2018;ANTIOQUIA;ARBOLETES;;6594.0;5962.0;8662.0;12784.0;6748.0;9970.0;23327.0;2257.0;610.0;117.0;109.0;32.0;76304.0;868.0
2018;ANTIOQUIA;ARGELIA;;778.0;720.0;1096.0;1095.0;1122.0;536.0;2421.0;160.0;463.0;22.0;4.0;0.0;7928.0;489.0
2018;ANTIOQUIA;ARMENIA;;524.0;504.0;1174.0;2661.0;1867.0;3319.0;1294.0;476.0;77.0;14.0;26.0;4.0;11819.0;121.0
2018;ANTIOQUIA;BARBOSA;;1999.0;828.0;2779.0;2112.0;2238.0;1114.0;3684.0;192.0;679.0;55.0;14.0;1.0;14946.0;749.0
2018;ANTIOQUIA;BELLO;;3409.0;436.0;2988.0;367.0;2262.0;198.0;8907.0;59.0;374.0;64.0;38.0;0.0;18626.0;476.0
2018;ANTIOQUIA;BELMIRA;;6661.0;423.0;5375.0;544.0;8126.0;331.0;11158.0;74.0;613.0;140.0;59.0;2.0;32692.0;814.0
2018;ANTIOQUIA;BETANIA;;192.0;151.0;373.0;346.0;368.0;80.0;490.0;21.0;71.0;2.0;6.0;0.0;2021.0;79.0
2018;ANTIOQUIA;BETULIA;;295.0;177.0;756.0;1105.0;1004.0;1539.0;1151.0;263.0;63.0;14.0;16.0;1.0;6290.0;94.0
2018;ANTIOQUIA;BRICEÑO;;1595.0;982.0;1855.0;1807.0;1974.0;3367.0;4345.0;494.0;345.0;58.0;30.0;0.0;16419.0;433.0
2018;ANTIOQUIA;BURITICA;;576.0;538.0;498.0;319.0;770.0;276.0;1732.0;194.0;165.0;15.0;5.0;0.0;4903.0;185.0
2018;ANTIOQUIA;CAICEDO;;341.0;282.0;443.0;929.0;544.0;772.0;1150.0;147.0;248.0;16.0;3.0;0.0;4608.0;267.0
2018;ANTIOQUIA;CALDAS;;481.0;246.0;474.0;330.0;629.0;105.0;722.0;72.0;181.0;10.0;2.0;0.0;3059.0;193.0
2018;ANTIOQUIA;CAMPAMENTO;;762.0;493.0;1229.0;824.0;934.0;802.0;2814.0;194.0;356.0;21.0;9.0;0.0;8052.0;386.0
2018;ANTIOQUIA;CARACOLI;;3177.0;1822.0;2677.0;2719.0;2689.0;958.0;7261.0;323.0;129.0;49.0;76.0;1.0;21626.0;255.0
2018;ANTIOQUIA;CARAMANTA;;335.0;395.0;484.0;744.0;1241.0;1317.0;1177.0;250.0;146.0;12.0;10.0;1.0;5943.0;169.0
2018;ANTIOQUIA;CAREPA;;2806.0;2262.0;3238.0;3552.0;3555.0;1757.0;9244.0;474.0;304.0;83.0;67.0;5.0;26888.0;459.0
2018;ANTIOQUIA;CAROLINA;;617.0;279.0;814.0;399.0;730.0;402.0;1918.0;26.0;167.0;13.0;8.0;0.0;5185.0;188.0
2018;ANTIOQUIA;CAUCASIA;;11565.0;9800.0;18729.0;10227.0;15765.0;10812.0;43061.0;2334.0;398.0;86.0;195.0;71.0;122293.0;750.0
2018;ANTIOQUIA;CAÑASGORDAS;;1853.0;1372.0;2187.0;1849.0;2123.0;933.0;4650.0;338.0;785.0;42.0;10.0;0.0;15305.0;837.0
2018;ANTIOQUIA;CHIGORODO;;4377.0;3867.0;6156.0;9536.0;3973.0;8067.0;15874.0;856.0;261.0;85.0;96.0;26.0;52706.0;468.0
2018;ANTIOQUIA;CISNEROS;;277.0;240.0;398.0;67.0;345.0;105.0;925.0;45.0;121.0;7.0;4.0;0.0;2402.0;132.0
2018;ANTIOQUIA;CIUDAD BOLIVAR;;448.0;486.0;1493.0;1685.0;1030.0;1120.0;1158.0;73.0;156.0;18.0;22.0;0.0;7493.0;196.0
2018;ANTIOQUIA;COCORNA;;649.0;741.0;1355.0;746.0;2029.0;527.0;3836.0;390.0;703.0;20.0;7.0;0.0;10273.0;730.0
2018;ANTIOQUIA;CONCEPCION;;737.0;547.0;874.0;523.0;1226.0;352.0;2334.0;238.0;382.0;19.0;4.0;0.0;6831.0;405.0
2018;ANTIOQUIA;CONCORDIA;;957.0;825.0;1502.0;1920.0;2112.0;2674.0;3079.0;1405.0;61.0;25.0;43.0;3.0;14474.0;132.0
2018;ANTIOQUIA;COPACABANA;;498.0;357.0;853.0;691.0;769.0;307.0;932.0;38.0;315.0;11.0;5.0;0.0;4445.0;331.0
2018;ANTIOQUIA;CACERES;;8081.0;6498.0;11285.0;6530.0;10065.0;7917.0;27148.0;1199.0;314.0;45.0;94.0;52.0;78723.0;505.0
2018;ANTIOQUIA;DABEIBA;;2780.0;2235.0;3050.0;3686.0;3639.0;3649.0;8858.0;800.0;605.0;106.0;44.0;1.0;28697.0;756.0
2018;ANTIOQUIA;DONMATIAS;;6530.0;601.0;6446.0;1067.0;6311.0;857.0;13224.0;194.0;503.0;150.0;76.0;0.0;35230.0;729.0
2018;ANTIOQUIA;EBEJICO;;993.0;1206.0;1389.0;3848.0;1261.0;4795.0;1827.0;1412.0;335.0;20.0;32.0;4.0;16731.0;391.0
2018;ANTIOQUIA;EL BAGRE;;2622.0;2016.0;3044.0;2167.0;3946.0;774.0;8517.0;520.0;434.0;81.0;46.0;0.0;23606.0;561.0
2018;ANTIOQUIA;EL CARMEN DE VIBORAL;;2613.0;646.0;3297.0;1106.0;2126.0;849.0;7683.0;195.0;1091.0;45.0;20.0;0.0;18515.0;1156.0
2018;ANTIOQUIA;EL SANTUARIO;;1662.0;591.0;2052.0;715.0;3532.0;384.0;2501.0;58.0;1110.0;23.0;10.0;0.0;11495.0;1143.0
2018;ANTIOQUIA;ENTRERRIOS;;9370.0;406.0;8077.0;428.0;8798.0;373.0;28573.0;121.0;419.0;256.0;150.0;3.0;56146.0;828.0
2018;ANTIOQUIA;ENVIGADO;;477.0;178.0;720.0;236.0;375.0;126.0;925.0;24.0;165.0;5.0;7.0;0.0;3061.0;177.0
2018;ANTIOQUIA;FREDONIA;;1905.0;1624.0;3203.0;3873.0;5039.0;6222.0;6335.0;440.0;419.0;56.0;46.0;11.0;28641.0;532.0
2018;ANTIOQUIA;FRONTINO;;3441.0;2029.0;2559.0;3074.0;3003.0;2051.0;10338.0;482.0;687.0;98.0;40.0;2.0;26977.0;827.0
2018;ANTIOQUIA;GIRALDO;;171.0;163.0;232.0;204.0;277.0;112.0;611.0;42.0;80.0;8.0;0.0;0.0;1812.0;88.0
2018;ANTIOQUIA;GIRARDOTA;;958.0;484.0;1485.0;820.0;1598.0;420.0;2092.0;267.0;478.0;15.0;15.0;0.0;8124.0;508.0
2018;ANTIOQUIA;GOMEZ PLATA;;1545.0;1134.0;1393.0;2515.0;1809.0;1703.0;4291.0;1285.0;470.0;33.0;24.0;2.0;15675.0;529.0
2018;ANTIOQUIA;GRANADA;;1347.0;648.0;1267.0;283.0;1665.0;228.0;4020.0;348.0;839.0;17.0;3.0;0.0;9806.0;859.0
2018;ANTIOQUIA;GUADALUPE;;300.0;176.0;460.0;1261.0;636.0;2370.0;1265.0;136.0;282.0;18.0;7.0;0.0;6604.0;307.0
2018;ANTIOQUIA;GUARNE;;1300.0;515.0;1671.0;1038.0;962.0;191.0;2173.0;61.0;775.0;17.0;8.0;0.0;7911.0;800.0
2018;ANTIOQUIA;GUATAPE;;216.0;220.0;347.0;201.0;387.0;211.0;1093.0;121.0;172.0;3.0;1.0;0.0;2796.0;176.0
2018;ANTIOQUIA;HELICONIA;;418.0;637.0;826.0;2069.0;657.0;1382.0;1112.0;75.0;129.0;11.0;18.0;1.0;7176.0;159.0
2018;ANTIOQUIA;HISPANIA;;555.0;433.0;925.0;324.0;1154.0;169.0;1408.0;136.0;80.0;11.0;16.0;0.0;5104.0;107.0
2018;ANTIOQUIA;ITAGUI;;54.0;43.0;65.0;36.0;56.0;4.0;62.0;3.0;33.0;1.0;0.0;0.0;323.0;34.0
2018;ANTIOQUIA;ITUANGO;;3619.0;2683.0;4465.0;5450.0;4846.0;6913.0;8443.0;792.0;737.0;117.0;79.0;0.0;37211.0;933.0
2018;ANTIOQUIA;JARDIN;;664.0;715.0;743.0;967.0;554.0;862.0;1811.0;149.0;281.0;24.0;9.0;0.0;6465.0;314.0
2018;ANTIOQUIA;JERICO;;1156.0;899.0;2189.0;2751.0;1537.0;3657.0;4687.0;265.0;323.0;30.0;45.0;1.0;17141.0;399.0
2018;ANTIOQUIA;LA CEJA;;2339.0;467.0;3157.0;861.0;1951.0;458.0;5470.0;191.0;469.0;55.0;28.0;0.0;14894.0;552.0
2018;ANTIOQUIA;LA ESTRELLA;;168.0;104.0;169.0;122.0;156.0;65.0;202.0;7.0;92.0;2.0;0.0;0.0;993.0;94.0
2018;ANTIOQUIA;LA PINTADA;;401.0;342.0;507.0;1133.0;690.0;1464.0;1020.0;74.0;38.0;8.0;16.0;2.0;5631.0;64.0
2018;ANTIOQUIA;LA UNION;;3994.0;458.0;4388.0;466.0;2664.0;397.0;12797.0;70.0;890.0;98.0;23.0;0.0;25234.0;1011.0
2018;ANTIOQUIA;LIBORINA;;946.0;737.0;1184.0;1379.0;530.0;500.0;2344.0;128.0;364.0;26.0;11.0;0.0;7748.0;401.0
2018;ANTIOQUIA;MACEO;;3268.0;2794.0;5093.0;8291.0;4771.0;7371.0;11103.0;1065.0;297.0;63.0;92.0;17.0;43756.0;469.0
2018;ANTIOQUIA;MARINILLA;;2221.0;998.0;3060.0;1365.0;2545.0;714.0;4014.0;158.0;1167.0;30.0;18.0;1.0;15075.0;1216.0
2018;ANTIOQUIA;MEDELLIN;;2155.0;751.0;2495.0;1394.0;2147.0;1026.0;3342.0;148.0;580.0;40.0;18.0;1.0;13458.0;639.0
2018;ANTIOQUIA;MONTEBELLO;;200.0;140.0;552.0;295.0;266.0;226.0;380.0;65.0;152.0;3.0;2.0;0.0;2124.0;157.0
2018;ANTIOQUIA;MURINDO;;22.0;15.0;26.0;28.0;43.0;16.0;113.0;20.0;21.0;0.0;0.0;0.0;283.0;21.0
2018;ANTIOQUIA;MUTATA;;7699.0;6815.0;8855.0;9718.0;5955.0;11727.0;23375.0;1093.0;284.0;118.0;142.0;35.0;75237.0;579.0
2018;ANTIOQUIA;NARIÑO;;1391.0;1201.0;1931.0;1410.0;1867.0;849.0;3987.0;289.0;745.0;33.0;13.0;0.0;12925.0;791.0
2018;ANTIOQUIA;NECHI;;3299.0;2522.0;4004.0;3120.0;3656.0;4986.0;12176.0;809.0;319.0;74.0;56.0;11.0;34572.0;460.0
2018;ANTIOQUIA;NECOCLI;;10563.0;9317.0;15987.0;9394.0;11682.0;5601.0;39128.0;1815.0;1074.0;185.0;165.0;37.0;103487.0;1461.0
2018;ANTIOQUIA;OLAYA;;359.0;270.0;434.0;491.0;434.0;290.0;801.0;104.0;130.0;8.0;6.0;0.0;3183.0;144.0
2018;ANTIOQUIA;PEQUE;;471.0;417.0;689.0;539.0;828.0;457.0;1976.0;183.0;292.0;12.0;3.0;0.0;5560.0;307.0
2018;ANTIOQUIA;PEÑOL;;910.0;610.0;755.0;313.0;676.0;263.0;2255.0;243.0;826.0;4.0;0.0;0.0;6025.0;830.0
2018;ANTIOQUIA;PUEBLORRICO;;432.0;325.0;962.0;390.0;525.0;194.0;906.0;65.0;199.0;8.0;6.0;0.0;3799.0;213.0
2018;ANTIOQUIA;PUERTO BERRIO;;6840.0;5863.0;9731.0;18729.0;9164.0;23867.0;23269.0;1678.0;140.0;67.0;141.0;58.0;99141.0;406.0
2018;ANTIOQUIA;PUERTO NARE;;5093.0;4047.0;7845.0;8861.0;6053.0;7722.0;13817.0;714.0;181.0;97.0;96.0;22.0;54152.0;396.0
2018;ANTIOQUIA;PUERTO TRIUNFO;;2941.0;2399.0;5958.0;7091.0;4855.0;10205.0;10481.0;1725.0;96.0;41.0;94.0;20.0;45655.0;251.0
2018;ANTIOQUIA;REMEDIOS;;12535.0;8239.0;14815.0;16935.0;14454.0;17395.0;33460.0;2629.0;253.0;196.0;326.0;33.0;120462.0;808.0
2018;ANTIOQUIA;RETIRO;;1242.0;321.0;1419.0;356.0;778.0;124.0;1158.0;54.0;338.0;13.0;6.0;0.0;5452.0;357.0
2018;ANTIOQUIA;RIONEGRO;;2622.0;615.0;3389.0;999.0;2609.0;545.0;4131.0;94.0;1056.0;33.0;21.0;0.0;15004.0;1110.0
2018;ANTIOQUIA;SABANALARGA;;344.0;224.0;348.0;424.0;527.0;413.0;1006.0;140.0;214.0;7.0;2.0;0.0;3426.0;223.0
2018;ANTIOQUIA;SABANETA;;97.0;85.0;91.0;62.0;84.0;10.0;51.0;4.0;25.0;2.0;0.0;0.0;484.0;27.0
2018;ANTIOQUIA;SALGAR;;662.0;576.0;953.0;2238.0;823.0;1235.0;1186.0;184.0;262.0;10.0;17.0;1.0;7857.0;290.0
2018;ANTIOQUIA;SAN ANDRES DE CUERQUIA;;1760.0;353.0;1730.0;615.0;1402.0;553.0;3729.0;95.0;319.0;42.0;12.0;0.0;10237.0;373.0
2018;ANTIOQUIA;SAN CARLOS;;2326.0;2222.0;3584.0;1951.0;4890.0;1256.0;8582.0;572.0;774.0;77.0;40.0;2.0;25383.0;893.0
2018;ANTIOQUIA;SAN FRANCISCO;;461.0;330.0;736.0;377.0;831.0;265.0;1540.0;133.0;249.0;10.0;4.0;0.0;4673.0;263.0
2018;ANTIOQUIA;SAN JERONIMO;;687.0;425.0;998.0;678.0;652.0;545.0;1768.0;91.0;357.0;20.0;3.0;0.0;5844.0;380.0
2018;ANTIOQUIA;SAN JOSE DE LA MONTAÑA;;3063.0;253.0;2432.0;320.0;2694.0;170.0;5940.0;97.0;147.0;54.0;35.0;1.0;14969.0;237.0
2018;ANTIOQUIA;SAN JUAN DE URABA;;1936.0;1603.0;2066.0;1045.0;1742.0;2384.0;6191.0;246.0;173.0;25.0;24.0;6.0;17213.0;228.0
2018;ANTIOQUIA;SAN LUIS;;1291.0;1122.0;2278.0;2635.0;2324.0;1461.0;4547.0;537.0;236.0;49.0;31.0;3.0;16195.0;319.0
2018;ANTIOQUIA;SAN PEDRO DE LOS MILAGROS;;15451.0;1167.0;13306.0;753.0;14003.0;514.0;38643.0;219.0;1454.0;318.0;166.0;5.0;84056.0;1943.0
2018;ANTIOQUIA;SAN PEDRO DE URABA;;6230.0;5040.0;8945.0;8873.0;6969.0;8050.0;20172.0;4020.0;716.0;167.0;128.0;18.0;68299.0;1029.0
2018;ANTIOQUIA;SAN RAFAEL;;1290.0;914.0;1632.0;885.0;2046.0;415.0;4002.0;424.0;528.0;29.0;10.0;1.0;11608.0;568.0
2018;ANTIOQUIA;SAN ROQUE;;1698.0;1307.0;2389.0;3130.0;3594.0;3353.0;5292.0;374.0;416.0;50.0;42.0;3.0;21137.0;511.0
2018;ANTIOQUIA;SAN VICENTE FERRER;;1374.0;1072.0;1676.0;967.0;930.0;378.0;3357.0;294.0;1285.0;12.0;2.0;0.0;10048.0;1299.0
2018;ANTIOQUIA;SANTA BARBARA;;697.0;537.0;2275.0;3731.0;2550.0;2528.0;2260.0;227.0;335.0;31.0;25.0;4.0;14805.0;395.0
2018;ANTIOQUIA;SANTAFE DE ANTIOQUIA;5042.0;1612.0;1471.0;1509.0;1330.0;2073.0;750.0;4716.0;622.0;537.0;45.0;14.0;0.0;14083.0;596.0
2018;ANTIOQUIA;SANTA ROSA DE OSOS;;27648.0;2364.0;23385.0;3371.0;28060.0;2149.0;56642.0;760.0;1795.0;606.0;336.0;6.0;144379.0;2743.0
2018;ANTIOQUIA;SANTO DOMINGO;;1644.0;1152.0;2176.0;1178.0;2325.0;773.0;4215.0;304.0;558.0;44.0;19.0;0.0;13767.0;621.0
2018;ANTIOQUIA;SEGOVIA;;4234.0;3057.0;3156.0;2552.0;3802.0;4164.0;7871.0;707.0;83.0;83.0;80.0;6.0;29543.0;252.0
2018;ANTIOQUIA;SONSON;;6827.0;4756.0;8719.0;9526.0;8773.0;7501.0;20252.0;1397.0;1086.0;113.0;99.0;23.0;67751.0;1321.0
2018;ANTIOQUIA;SOPETRAN;;1144.0;770.0;1441.0;1457.0;1002.0;632.0;2982.0;234.0;364.0;30.0;16.0;0.0;9662.0;410.0
2018;ANTIOQUIA;TARAZA;;3969.0;2803.0;3988.0;3206.0;3812.0;3025.0;12057.0;616.0;238.0;79.0;64.0;11.0;33476.0;392.0
2018;ANTIOQUIA;TARSO;;568.0;667.0;2166.0;1275.0;3091.0;1610.0;1719.0;154.0;137.0;24.0;26.0;3.0;11250.0;190.0
2018;ANTIOQUIA;TITIRIBI;;996.0;841.0;2413.0;2457.0;2644.0;1945.0;2154.0;326.0;149.0;23.0;31.0;4.0;13776.0;207.0
2018;ANTIOQUIA;TOLEDO;;378.0;386.0;256.0;253.0;239.0;255.0;1158.0;233.0;122.0;7.0;6.0;0.0;3158.0;135.0
2018;ANTIOQUIA;TURBO;;16871.0;14365.0;24368.0;17994.0;17136.0;13600.0;59996.0;4540.0;1202.0;302.0;330.0;58.0;168870.0;1892.0
2018;ANTIOQUIA;TAMESIS;;926.0;743.0;1705.0;1989.0;1933.0;3451.0;3127.0;275.0;357.0;41.0;25.0;2.0;14149.0;425.0
2018;ANTIOQUIA;URAMITA;;1244.0;868.0;1538.0;1594.0;1182.0;1140.0;3424.0;256.0;358.0;38.0;16.0;0.0;11246.0;412.0
2018;ANTIOQUIA;URRAO;;2306.0;1592.0;1820.0;3084.0;2837.0;5649.0;7018.0;935.0;588.0;94.0;37.0;0.0;25241.0;719.0
2018;ANTIOQUIA;VALDIVIA;;3473.0;1723.0;3579.0;2337.0;3083.0;2102.0;7727.0;638.0;415.0;101.0;44.0;0.0;24662.0;560.0
2018;ANTIOQUIA;VALPARAISO;;564.0;590.0;740.0;2787.0;1349.0;6360.0;1767.0;81.0;89.0;28.0;36.0;5.0;14238.0;158.0
2018;ANTIOQUIA;VEGACHI;;2306.0;2149.0;2212.0;2754.0;2911.0;2600.0;7353.0;812.0;163.0;71.0;67.0;2.0;23097.0;303.0
2018;ANTIOQUIA;VENECIA;;540.0;433.0;2834.0;1898.0;1903.0;2685.0;1925.0;498.0;126.0;19.0;33.0;2.0;12716.0;180.0
2018;ANTIOQUIA;VIGIA DEL FUERTE;;26.0;14.0;61.0;32.0;70.0;22.0;41.0;12.0;17.0;0.0;0.0;0.0;278.0;17.0
2018;ANTIOQUIA;YALI;;3630.0;2434.0;2563.0;3663.0;3083.0;2155.0;8460.0;756.0;194.0;67.0;56.0;7.0;26744.0;324.0
2018;ANTIOQUIA;YARUMAL;;9676.0;1660.0;9409.0;2561.0;8826.0;3095.0;22243.0;599.0;970.0;246.0;91.0;2.0;58069.0;1309.0
2018;ANTIOQUIA;YOLOMBO;;4354.0;3472.0;5190.0;5800.0;5012.0;2789.0;10350.0;779.0;459.0;98.0;92.0;5.0;37746.0;654.0
2018;ANTIOQUIA;YONDO;;8326.0;7047.0;12660.0;20545.0;11071.0;25745.0;28962.0;1851.0;434.0;170.0;214.0;44.0;116207.0;862.0
2018;ANTIOQUIA;ZARAGOZA;;2138.0;1536.0;3163.0;1881.0;2953.0;630.0;8244.0;397.0;252.0;46.0;61.0;4.0;20942.0;363.0
2022;ANTIOQUIA;ABEJORRAL;5002.0;2962.0;1655.0;4215.0;3041.0;3195.0;1536.0;8796.0;522.0;1003.0;76.0;34.0;0.0;25922.0;1113.0
2022;ANTIOQUIA;ABRIAQUI;5004.0;1223.0;897.0;1220.0;1265.0;1212.0;581.0;3176.0;102.0;238.0;45.0;15.0;0.0;9676.0;298.0
2022;ANTIOQUIA;ALEJANDRIA;5021.0;346.0;295.0;645.0;306.0;1032.0;162.0;990.0;97.0;208.0;15.0;2.0;0.0;3873.0;225.0
2022;ANTIOQUIA;AMAGA;5030.0;363.0;282.0;763.0;1249.0;349.0;401.0;928.0;54.0;211.0;6.0;11.0;0.0;4389.0;228.0
2022;ANTIOQUIA;AMALFI;5031.0;3885.0;3516.0;3817.0;5568.0;4333.0;5000.0;10661.0;853.0;649.0;114.0;82.0;4.0;37633.0;849.0
2022;ANTIOQUIA;ANDES;5034.0;418.0;386.0;1255.0;907.0;855.0;664.0;1519.0;156.0;236.0;18.0;9.0;0.0;6160.0;263.0
2022;ANTIOQUIA;ANGELOPOLIS;5036.0;138.0;145.0;375.0;640.0;360.0;853.0;354.0;36.0;89.0;4.0;8.0;0.0;2901.0;101.0
2022;ANTIOQUIA;ANGOSTURA;5038.0;1927.0;821.0;2339.0;573.0;1781.0;674.0;5798.0;232.0;469.0;49.0;18.0;0.0;14145.0;536.0
2022;ANTIOQUIA;ANORI;5040.0;4753.0;4544.0;4431.0;5414.0;3952.0;2354.0;11282.0;662.0;675.0;163.0;67.0;0.0;37392.0;905.0
2022;ANTIOQUIA;ANZA;5044.0;708.0;698.0;1144.0;1368.0;1242.0;1119.0;2230.0;258.0;210.0;20.0;18.0;1.0;8767.0;249.0
2022;ANTIOQUIA;APARTADO;5045.0;2642.0;2005.0;2656.0;1946.0;2592.0;1069.0;7096.0;375.0;366.0;52.0;41.0;4.0;20381.0;463.0
2022;ANTIOQUIA;ARBOLETES;5051.0;5816.0;5786.0;7325.0;10139.0;7683.0;9192.0;18731.0;4405.0;648.0;120.0;110.0;27.0;69077.0;905.0
2022;ANTIOQUIA;ARGELIA;5055.0;1357.0;1222.0;1337.0;1169.0;1447.0;652.0;3430.0;262.0;389.0;42.0;11.0;0.0;10876.0;442.0
2022;ANTIOQUIA;ARMENIA;5059.0;417.0;343.0;1614.0;2794.0;1575.0;2772.0;1326.0;575.0;76.0;8.0;29.0;3.0;11416.0;116.0
2022;ANTIOQUIA;BARBOSA;5079.0;1920.0;1072.0;2942.0;2203.0;1694.0;1204.0;4517.0;194.0;703.0;58.0;19.0;0.0;15746.0;780.0
2022;ANTIOQUIA;BELLO;5088.0;4021.0;349.0;3285.0;533.0;3988.0;298.0;7598.0;34.0;327.0;86.0;46.0;0.0;20106.0;459.0
2022;ANTIOQUIA;BELMIRA;5086.0;7107.0;633.0;6522.0;584.0;7652.0;355.0;15791.0;177.0;454.0;139.0;93.0;3.0;38821.0;689.0
2022;ANTIOQUIA;BETANIA;5091.0;328.0;169.0;447.0;347.0;679.0;257.0;405.0;45.0;52.0;8.0;7.0;0.0;2677.0;67.0
2022;ANTIOQUIA;BETULIA;5093.0;561.0;571.0;1226.0;1729.0;928.0;1236.0;1542.0;316.0;97.0;23.0;19.0;1.0;8109.0;140.0
2022;ANTIOQUIA;BRICEÑO;5107.0;1614.0;1448.0;2224.0;2481.0;2642.0;3559.0;5613.0;471.0;405.0;69.0;39.0;0.0;20052.0;513.0
2022;ANTIOQUIA;BURITICA;5113.0;509.0;499.0;661.0;468.0;969.0;284.0;1726.0;218.0;180.0;19.0;7.0;0.0;5334.0;206.0
2022;ANTIOQUIA;CACERES;5120.0;9896.0;9004.0;9689.0;6398.0;8784.0;6432.0;28718.0;2135.0;272.0;57.0;92.0;49.0;81056.0;470.0
2022;ANTIOQUIA;CAICEDO;5125.0;494.0;469.0;420.0;1052.0;511.0;778.0;1248.0;211.0;292.0;19.0;2.0;0.0;5183.0;313.0
2022;ANTIOQUIA;CALDAS;5129.0;443.0;278.0;615.0;424.0;332.0;107.0;1049.0;63.0;118.0;14.0;5.0;0.0;3311.0;137.0
2022;ANTIOQUIA;CAMPAMENTO;5134.0;996.0;715.0;1787.0;1097.0;909.0;807.0;3341.0;323.0;361.0;32.0;12.0;0.0;9975.0;405.0
2022;ANTIOQUIA;CARACOLI;5142.0;3190.0;3004.0;3276.0;1530.0;3365.0;349.0;8481.0;356.0;163.0;58.0;68.0;3.0;23551.0;292.0
2022;ANTIOQUIA;CARAMANTA;5145.0;403.0;379.0;592.0;815.0;1025.0;1120.0;957.0;252.0;135.0;13.0;8.0;1.0;5543.0;157.0
2022;ANTIOQUIA;CAREPA;5147.0;3483.0;3473.0;3379.0;2688.0;2467.0;1787.0;10697.0;498.0;284.0;78.0;70.0;5.0;28472.0;437.0
2022;ANTIOQUIA;CAROLINA;5150.0;643.0;207.0;861.0;584.0;645.0;413.0;1812.0;25.0;156.0;15.0;8.0;0.0;5190.0;179.0
2022;ANTIOQUIA;CAUCASIA;5154.0;14372.0;13744.0;16851.0;10982.0;15093.0;8311.0;41617.0;3586.0;374.0;93.0;187.0;73.0;124556.0;727.0
2022;ANTIOQUIA;CAÑASGORDAS;5138.0;1912.0;1752.0;2260.0;1821.0;1989.0;899.0;5212.0;426.0;800.0;52.0;8.0;0.0;16271.0;860.0
2022;ANTIOQUIA;CHIGORODO;5172.0;4324.0;4335.0;4066.0;5538.0;3849.0;8061.0;12377.0;735.0;231.0;71.0;81.0;21.0;43285.0;404.0
2022;ANTIOQUIA;CISNEROS;5190.0;266.0;220.0;280.0;119.0;319.0;37.0;798.0;51.0;114.0;8.0;1.0;0.0;2090.0;123.0
2022;ANTIOQUIA;CIUDAD BOLIVAR;5101.0;504.0;461.0;1475.0;2209.0;861.0;1234.0;1316.0;83.0;175.0;21.0;25.0;0.0;8143.0;221.0
2022;ANTIOQUIA;COCORNA;5197.0;920.0;1064.0;1758.0;1061.0;2140.0;575.0;3763.0;352.0;697.0;22.0;9.0;0.0;11633.0;728.0
2022;ANTIOQUIA;CONCEPCION;5206.0;818.0;766.0;1235.0;496.0;1524.0;574.0;2573.0;213.0;431.0;18.0;4.0;0.0;8199.0;453.0
2022;ANTIOQUIA;CONCORDIA;5209.0;885.0;1132.0;1632.0;2108.0;1743.0;2891.0;2231.0;617.0;74.0;15.0;39.0;2.0;13239.0;130.0
2022;ANTIOQUIA;COPACABANA;5212.0;619.0;367.0;686.0;707.0;633.0;295.0;1058.0;42.0;315.0;9.0;7.0;0.0;4407.0;331.0
2022;ANTIOQUIA;DABEIBA;5234.0;3409.0;3109.0;3632.0;4101.0;3541.0;2630.0;9875.0;814.0;673.0;120.0;49.0;3.0;31111.0;845.0
2022;ANTIOQUIA;DONMATIAS;5237.0;7719.0;1073.0;5432.0;1189.0;5685.0;786.0;15764.0;249.0;442.0;181.0;87.0;0.0;37897.0;710.0
2022;ANTIOQUIA;EBEJICO;5240.0;748.0;1011.0;988.0;5554.0;908.0;4876.0;1846.0;1217.0;365.0;23.0;25.0;6.0;17148.0;419.0
2022;ANTIOQUIA;EL BAGRE;5250.0;3440.0;3241.0;3081.0;2646.0;3400.0;589.0;9194.0;585.0;241.0;85.0;68.0;3.0;26176.0;397.0
2022;ANTIOQUIA;EL CARMEN DE VIBORAL;5148.0;2719.0;729.0;3438.0;1104.0;3140.0;527.0;5699.0;153.0;994.0;57.0;16.0;0.0;17509.0;1067.0
2022;ANTIOQUIA;EL SANTUARIO;5697.0;1426.0;728.0;2037.0;639.0;3866.0;539.0;2900.0;87.0;1007.0;19.0;16.0;0.0;12222.0;1042.0
2022;ANTIOQUIA;ENTRERRIOS;5264.0;10325.0;452.0;8323.0;455.0;8860.0;244.0;30003.0;209.0;289.0;254.0;184.0;4.0;58871.0;731.0
2022;ANTIOQUIA;ENVIGADO;5266.0;536.0;177.0;435.0;284.0;196.0;49.0;769.0;29.0;149.0;6.0;5.0;0.0;2475.0;160.0
2022;ANTIOQUIA;FREDONIA;5282.0;2196.0;1735.0;3424.0;3735.0;3933.0;4941.0;6404.0;306.0;448.0;40.0;58.0;7.0;26674.0;553.0
2022;ANTIOQUIA;FRONTINO;5284.0;3570.0;2988.0;3536.0;3027.0;3619.0;1985.0;10888.0;539.0;654.0;122.0;48.0;1.0;30152.0;825.0
2022;ANTIOQUIA;GIRALDO;5306.0;226.0;179.0;236.0;147.0;268.0;106.0;537.0;45.0;99.0;4.0;0.0;0.0;1744.0;103.0
2022;ANTIOQUIA;GIRARDOTA;5308.0;1332.0;861.0;1433.0;1405.0;1813.0;614.0;1823.0;275.0;405.0;24.0;23.0;0.0;9556.0;452.0
2022;ANTIOQUIA;GOMEZ PLATA;5310.0;1477.0;1360.0;2017.0;3387.0;1993.0;4095.0;4776.0;709.0;362.0;54.0;39.0;3.0;19814.0;458.0
2022;ANTIOQUIA;GRANADA;5313.0;831.0;680.0;2310.0;629.0;2756.0;359.0;3402.0;188.0;904.0;16.0;6.0;0.0;11155.0;926.0
2022;ANTIOQUIA;GUADALUPE;5315.0;461.0;524.0;687.0;2471.0;685.0;1169.0;1289.0;292.0;238.0;29.0;9.0;0.0;7578.0;276.0
2022;ANTIOQUIA;GUARNE;5318.0;1100.0;557.0;1663.0;668.0;917.0;136.0;2016.0;71.0;767.0;23.0;1.0;0.0;7128.0;791.0
2022;ANTIOQUIA;GUATAPE;5321.0;182.0;138.0;377.0;216.0;285.0;72.0;621.0;185.0;123.0;5.0;0.0;0.0;2076.0;128.0
2022;ANTIOQUIA;HELICONIA;5347.0;612.0;537.0;762.0;1680.0;785.0;2319.0;931.0;869.0;133.0;13.0;21.0;1.0;8495.0;168.0
2022;ANTIOQUIA;HISPANIA;5353.0;528.0;482.0;764.0;616.0;1177.0;741.0;1480.0;76.0;69.0;9.0;15.0;0.0;5864.0;93.0
2022;ANTIOQUIA;ITAGUI;5360.0;102.0;100.0;46.0;48.0;46.0;27.0;84.0;34.0;19.0;2.0;1.0;0.0;487.0;22.0
2022;ANTIOQUIA;ITUANGO;5361.0;5400.0;4001.0;4363.0;4851.0;5101.0;7356.0;9388.0;1481.0;772.0;158.0;83.0;2.0;41941.0;1015.0
2022;ANTIOQUIA;JARDIN;5364.0;497.0;458.0;705.0;1063.0;604.0;871.0;1320.0;162.0;234.0;25.0;5.0;0.0;5680.0;264.0
2022;ANTIOQUIA;JERICO;5368.0;1265.0;1129.0;1892.0;2878.0;2047.0;2653.0;3385.0;601.0;309.0;29.0;37.0;3.0;15850.0;378.0
2022;ANTIOQUIA;LA CEJA;5376.0;2451.0;594.0;3152.0;925.0;2212.0;502.0;4522.0;171.0;511.0;55.0;21.0;0.0;14529.0;587.0
2022;ANTIOQUIA;LA ESTRELLA;5380.0;150.0;126.0;227.0;179.0;51.0;21.0;188.0;9.0;79.0;3.0;0.0;0.0;951.0;82.0
2022;ANTIOQUIA;LA PINTADA;5390.0;290.0;281.0;465.0;2213.0;1253.0;1049.0;609.0;101.0;36.0;7.0;15.0;2.0;6261.0;60.0
2022;ANTIOQUIA;LA UNION;5400.0;4130.0;469.0;4790.0;579.0;2731.0;567.0;13905.0;136.0;857.0;114.0;29.0;0.0;27307.0;1000.0
2022;ANTIOQUIA;LIBORINA;5411.0;1020.0;990.0;1243.0;1271.0;594.0;475.0;2230.0;168.0;410.0;24.0;7.0;0.0;7991.0;441.0
2022;ANTIOQUIA;MACEO;5425.0;4712.0;4175.0;4693.0;8923.0;4256.0;7722.0;12889.0;1216.0;314.0;81.0;99.0;17.0;48586.0;511.0
2022;ANTIOQUIA;MARINILLA;5440.0;1452.0;719.0;2636.0;1639.0;2310.0;560.0;2646.0;133.0;878.0;39.0;14.0;0.0;12095.0;931.0
2022;ANTIOQUIA;MEDELLIN;5001.0;2677.0;964.0;2823.0;1089.0;1922.0;404.0;3783.0;125.0;518.0;34.0;30.0;0.0;13787.0;582.0
2022;ANTIOQUIA;MONTEBELLO;5467.0;214.0;189.0;554.0;457.0;263.0;196.0;310.0;46.0;146.0;4.0;2.0;0.0;2229.0;152.0
2022;ANTIOQUIA;MURINDO;5475.0;40.0;15.0;28.0;47.0;41.0;32.0;130.0;19.0;156.0;4.0;2.0;0.0;352.0;162.0
2022;ANTIOQUIA;MUTATA;5480.0;8644.0;7879.0;7941.0;9712.0;7073.0;10688.0;26024.0;1797.0;303.0;115.0;160.0;32.0;79758.0;610.0
2022;ANTIOQUIA;NARIÑO;5483.0;1393.0;1344.0;1614.0;1334.0;1570.0;821.0;3893.0;367.0;748.0;25.0;10.0;0.0;12336.0;783.0
2022;ANTIOQUIA;NECHI;5495.0;4753.0;4504.0;4237.0;3890.0;3781.0;4382.0;13298.0;1183.0;309.0;96.0;68.0;10.0;40028.0;483.0
2022;ANTIOQUIA;NECOCLI;5490.0;11987.0;10323.0;13052.0;9237.0;11722.0;5287.0;38590.0;1831.0;1117.0;180.0;187.0;31.0;102029.0;1515.0
2022;ANTIOQUIA;OLAYA;5501.0;389.0;494.0;520.0;448.0;401.0;404.0;838.0;93.0;134.0;7.0;7.0;0.0;3587.0;148.0
2022;ANTIOQUIA;PEQUE;5543.0;684.0;700.0;1048.0;593.0;974.0;550.0;2014.0;157.0;365.0;15.0;3.0;0.0;6720.0;383.0
2022;ANTIOQUIA;PEÑOL;5541.0;717.0;766.0;1103.0;397.0;829.0;317.0;1749.0;241.0;719.0;3.0;1.0;0.0;6119.0;723.0
2022;ANTIOQUIA;PUEBLORRICO;5576.0;322.0;287.0;595.0;316.0;716.0;296.0;950.0;84.0;196.0;8.0;5.0;0.0;3566.0;209.0
2022;ANTIOQUIA;PUERTO BERRIO;5579.0;9406.0;8577.0;11410.0;18664.0;9252.0;21029.0;28048.0;3143.0;167.0;68.0;154.0;65.0;109529.0;454.0
2022;ANTIOQUIA;PUERTO NARE;5585.0;6116.0;5179.0;7071.0;9016.0;4916.0;7468.0;15238.0;1782.0;189.0;89.0;104.0;26.0;56786.0;408.0
2022;ANTIOQUIA;PUERTO TRIUNFO;5591.0;4490.0;3961.0;5808.0;6147.0;5242.0;9098.0;9519.0;1933.0;88.0;44.0;84.0;27.0;46198.0;243.0
2022;ANTIOQUIA;REMEDIOS;5604.0;18191.0;17788.0;17598.0;17876.0;18689.0;17796.0;47716.0;4029.0;331.0;281.0;423.0;48.0;159683.0;1083.0
2022;ANTIOQUIA;RETIRO;5607.0;969.0;290.0;1255.0;401.0;937.0;130.0;967.0;36.0;326.0;11.0;6.0;0.0;4985.0;343.0
2022;ANTIOQUIA;RIONEGRO;5615.0;3185.0;1027.0;3784.0;1177.0;3176.0;502.0;3674.0;111.0;1015.0;43.0;19.0;1.0;16636.0;1078.0
2022;ANTIOQUIA;SABANALARGA;5628.0;467.0;511.0;568.0;446.0;354.0;203.0;1085.0;107.0;233.0;9.0;1.0;0.0;3741.0;243.0
2022;ANTIOQUIA;SABANETA;5631.0;76.0;82.0;97.0;90.0;74.0;51.0;84.0;17.0;28.0;2.0;0.0;0.0;571.0;30.0
2022;ANTIOQUIA;SALGAR;5642.0;468.0;567.0;695.0;1861.0;781.0;1611.0;1340.0;169.0;208.0;9.0;18.0;0.0;7492.0;235.0
2022;ANTIOQUIA;SAN ANDRES DE CUERQUIA;5647.0;1858.0;475.0;2434.0;813.0;2528.0;777.0;2914.0;171.0;270.0;42.0;20.0;1.0;11970.0;333.0
2022;ANTIOQUIA;SAN CARLOS;5649.0;3245.0;3133.0;4279.0;1985.0;4954.0;1030.0;9000.0;645.0;691.0;88.0;64.0;0.0;28271.0;843.0
2022;ANTIOQUIA;SAN FRANCISCO;5652.0;669.0;646.0;816.0;580.0;923.0;282.0;2014.0;181.0;233.0;25.0;8.0;0.0;6111.0;266.0
2022;ANTIOQUIA;SAN JERONIMO;5656.0;978.0;583.0;1245.0;847.0;885.0;288.0;1874.0;112.0;360.0;27.0;5.0;0.0;6812.0;392.0
2022;ANTIOQUIA;SAN JOSE DE LA MONTAÑA;5658.0;3857.0;294.0;2604.0;354.0;3265.0;264.0;5629.0;137.0;99.0;71.0;45.0;1.0;16404.0;216.0
2022;ANTIOQUIA;SAN JUAN DE URABA;5659.0;1892.0;1583.0;1420.0;1249.0;1281.0;2304.0;6549.0;236.0;155.0;17.0;22.0;5.0;16514.0;199.0
2022;ANTIOQUIA;SAN LUIS;5660.0;2003.0;2220.0;2864.0;2634.0;3224.0;2199.0;6249.0;400.0;342.0;48.0;59.0;1.0;21793.0;450.0
2022;ANTIOQUIA;SAN PEDRO DE LOS MILAGROS;5664.0;15888.0;1100.0;13291.0;710.0;16166.0;489.0;35398.0;216.0;1202.0;328.0;189.0;4.0;83258.0;1723.0
2022;ANTIOQUIA;SAN PEDRO DE URABA;5665.0;6384.0;6483.0;7912.0;8544.0;8723.0;8017.0;21545.0;1539.0;755.0;174.0;129.0;20.0;69147.0;1078.0
2022;ANTIOQUIA;SAN RAFAEL;5667.0;1532.0;1393.0;1553.0;713.0;2077.0;593.0;4603.0;432.0;605.0;37.0;11.0;0.0;12896.0;653.0
2022;ANTIOQUIA;SAN ROQUE;5670.0;2156.0;2243.0;2837.0;3378.0;3536.0;2609.0;6028.0;447.0;491.0;59.0;47.0;3.0;23234.0;600.0
2022;ANTIOQUIA;SAN VICENTE FERRER;5674.0;1134.0;1042.0;1707.0;1089.0;982.0;516.0;3390.0;271.0;1304.0;10.0;0.0;0.0;10131.0;1314.0
2022;ANTIOQUIA;SANTA BARBARA;5679.0;951.0;937.0;2415.0;2814.0;2243.0;1379.0;2444.0;476.0;332.0;21.0;33.0;2.0;13659.0;388.0
2022;ANTIOQUIA;SANTAFE DE ANTIOQUIA;5042.0;1842.0;1786.0;1888.0;1368.0;2467.0;816.0;5484.0;580.0;574.0;50.0;21.0;0.0;16231.0;645.0
2022;ANTIOQUIA;SANTA ROSA DE OSOS;5686.0;31054.0;3163.0;26365.0;3224.0;35166.0;1949.0;65263.0;822.0;1457.0;645.0;472.0;9.0;167006.0;2583.0
2022;ANTIOQUIA;SANTO DOMINGO;5690.0;2003.0;1588.0;2161.0;1327.0;2399.0;720.0;5233.0;443.0;588.0;54.0;23.0;0.0;15874.0;665.0
2022;ANTIOQUIA;SEGOVIA;5736.0;6806.0;5712.0;6663.0;5983.0;6105.0;4362.0;16010.0;1775.0;116.0;120.0;161.0;16.0;53416.0;413.0
2022;ANTIOQUIA;SONSON;5756.0;6518.0;4963.0;8382.0;7187.0;7394.0;8332.0;20428.0;2357.0;1119.0;123.0;97.0;22.0;65561.0;1361.0
2022;ANTIOQUIA;SOPETRAN;5761.0;1433.0;1143.0;1693.0;1265.0;1442.0;721.0;3252.0;371.0;359.0;44.0;23.0;0.0;11320.0;426.0
2022;ANTIOQUIA;TAMESIS;5789.0;1181.0;1299.0;2245.0;3163.0;1464.0;2525.0;2728.0;404.0;348.0;49.0;26.0;3.0;15009.0;426.0
2022;ANTIOQUIA;TARAZA;5790.0;4455.0;3758.0;4619.0;2863.0;3939.0;1649.0;12885.0;820.0;257.0;78.0;66.0;11.0;34988.0;412.0
2022;ANTIOQUIA;TARSO;5792.0;547.0;490.0;1662.0;1701.0;3009.0;1651.0;1358.0;78.0;126.0;16.0;33.0;1.0;10496.0;176.0
2022;ANTIOQUIA;TITIRIBI;5809.0;774.0;725.0;2224.0;2128.0;2331.0;1625.0;2065.0;290.0;144.0;14.0;30.0;4.0;12162.0;192.0
2022;ANTIOQUIA;TOLEDO;5819.0;547.0;391.0;325.0;227.0;561.0;295.0;1174.0;289.0;92.0;8.0;7.0;0.0;3809.0;107.0
2022;ANTIOQUIA;TURBO;5837.0;22434.0;19701.0;21920.0;20835.0;18957.0;15755.0;61712.0;3562.0;1268.0;361.0;363.0;58.0;184876.0;2050.0
2022;ANTIOQUIA;URAMITA;5842.0;1252.0;1270.0;1273.0;1128.0;1371.0;1026.0;3513.0;295.0;351.0;33.0;16.0;0.0;11128.0;400.0
2022;ANTIOQUIA;URRAO;5847.0;2784.0;2458.0;2820.0;4044.0;3483.0;6544.0;7537.0;1371.0;595.0;120.0;60.0;0.0;31041.0;775.0
2022;ANTIOQUIA;VALDIVIA;5854.0;3493.0;2574.0;4077.0;2973.0;3776.0;2201.0;8689.0;712.0;405.0;115.0;53.0;0.0;28495.0;573.0
2022;ANTIOQUIA;VALPARAISO;5856.0;460.0;576.0;795.0;3521.0;893.0;4809.0;1257.0;597.0;102.0;17.0;32.0;5.0;12908.0;156.0
2022;ANTIOQUIA;VEGACHI;5858.0;3210.0;3256.0;3899.0;3874.0;3823.0;1689.0;9199.0;1030.0;176.0;89.0;93.0;1.0;29980.0;359.0
2022;ANTIOQUIA;VENECIA;5861.0;848.0;955.0;2247.0;3786.0;1262.0;1883.0;1535.0;227.0;139.0;8.0;32.0;3.0;12743.0;182.0
2022;ANTIOQUIA;VIGIA DEL FUERTE;5873.0;27.0;32.0;35.0;5.0;105.0;35.0;83.0;12.0;114.0;27.0;32.0;5.0;334.0;178.0
2022;ANTIOQUIA;YALI;5885.0;4092.0;3688.0;3420.0;2407.0;3141.0;1353.0;10531.0;666.0;187.0;69.0;80.0;6.0;29298.0;342.0
2022;ANTIOQUIA;YARUMAL;5887.0;10864.0;2448.0;9739.0;2858.0;10203.0;2886.0;24135.0;780.0;732.0;269.0;135.0;5.0;63913.0;1141.0
2022;ANTIOQUIA;YOLOMBO;5890.0;4883.0;4687.0;6005.0;6661.0;6237.0;3404.0;12698.0;937.0;500.0;117.0;110.0;8.0;45512.0;735.0
2022;ANTIOQUIA;YONDO;5893.0;10928.0;11251.0;11859.0;23573.0;12218.0;28664.0;31471.0;3828.0;504.0;169.0;235.0;49.0;133792.0;957.0
2022;ANTIOQUIA;ZARAGOZA;5895.0;3294.0;3171.0;3284.0;2134.0;3606.0;258.0;9412.0;398.0;166.0;51.0;74.0;5.0;25557.0;296.0
2023;ANTIOQUIA;ABEJORRAL;5002.0;2820.0;1761.0;4145.0;2692.0;2600.0;1260.0;8717.0;777.0;958.0;75.0;30.0;0.0;24772.0;1063.0
2023;ANTIOQUIA;ABRIAQUI;5004.0;1130.0;841.0;1178.0;1259.0;1166.0;531.0;3043.0;103.0;249.0;37.0;12.0;0.0;9251.0;298.0
2023;ANTIOQUIA;ALEJANDRIA;5021.0;345.0;323.0;649.0;224.0;670.0;118.0;1302.0;146.0;206.0;12.0;3.0;0.0;3777.0;221.0
2023;ANTIOQUIA;AMAGA;5030.0;383.0;297.0;803.0;1026.0;368.0;444.0;944.0;90.0;193.0;6.0;10.0;0.0;4355.0;209.0
2023;ANTIOQUIA;AMALFI;5031.0;4082.0;4031.0;4097.0;5201.0;4771.0;4654.0;10958.0;1207.0;635.0;127.0;83.0;4.0;39001.0;849.0
2023;ANTIOQUIA;ANDES;5034.0;506.0;482.0;932.0;821.0;972.0;648.0;1402.0;150.0;231.0;16.0;10.0;0.0;5913.0;257.0
2023;ANTIOQUIA;ANGELOPOLIS;5036.0;204.0;125.0;492.0;609.0;312.0;560.0;420.0;149.0;87.0;9.0;6.0;0.0;2871.0;102.0
2023;ANTIOQUIA;ANGOSTURA;5038.0;1937.0;697.0;2309.0;674.0;2086.0;665.0;5344.0;242.0;444.0;41.0;20.0;0.0;13954.0;505.0
2023;ANTIOQUIA;ANORI;5040.0;5264.0;4959.0;4344.0;5489.0;4024.0;2637.0;11949.0;1006.0;613.0;166.0;82.0;1.0;39672.0;862.0
2023;ANTIOQUIA;ANZA;5044.0;869.0;820.0;1402.0;1016.0;1241.0;1237.0;2348.0;221.0;224.0;23.0;13.0;1.0;9154.0;261.0
2023;ANTIOQUIA;APARTADO;5045.0;2908.0;2340.0;2491.0;1668.0;2109.0;1097.0;6847.0;412.0;341.0;51.0;42.0;4.0;19872.0;438.0
2023;ANTIOQUIA;ARBOLETES;5051.0;6820.0;6652.0;8513.0;13578.0;6419.0;9292.0;19325.0;3595.0;627.0;121.0;121.0;30.0;74194.0;899.0
2023;ANTIOQUIA;ARGELIA;5055.0;1429.0;1246.0;1484.0;1061.0;1717.0;570.0;3851.0;323.0;407.0;42.0;15.0;0.0;11681.0;464.0
2023;ANTIOQUIA;ARMENIA;5059.0;615.0;563.0;1548.0;2060.0;1579.0;1922.0;1540.0;1081.0;67.0;10.0;28.0;4.0;10908.0;109.0
2023;ANTIOQUIA;BARBOSA;5079.0;2312.0;1561.0;2640.0;1937.0;2225.0;1236.0;3587.0;344.0;709.0;56.0;16.0;1.0;15842.0;782.0
2023;ANTIOQUIA;BELLO;5088.0;3563.0;345.0;2913.0;518.0;3473.0;246.0;8024.0;61.0;302.0;87.0;44.0;0.0;19143.0;433.0
2023;ANTIOQUIA;BELMIRA;5086.0;6693.0;425.0;5871.0;474.0;6674.0;395.0;15703.0;181.0;469.0;121.0;97.0;1.0;36416.0;688.0
2023;ANTIOQUIA;BETANIA;5091.0;256.0;174.0;537.0;267.0;569.0;272.0;403.0;54.0;53.0;7.0;7.0;0.0;2532.0;67.0
2023;ANTIOQUIA;BETULIA;5093.0;543.0;581.0;1174.0;1682.0;1092.0;1040.0;1552.0;364.0;94.0;26.0;20.0;1.0;8028.0;141.0
2023;ANTIOQUIA;BRICEÑO;5107.0;1774.0;1751.0;2169.0;2204.0;2168.0;3101.0;5872.0;516.0;385.0;89.0;30.0;0.0;19555.0;504.0
2023;ANTIOQUIA;BURITICA;5113.0;619.0;670.0;1010.0;470.0;557.0;224.0;1872.0;252.0;167.0;18.0;12.0;0.0;5674.0;197.0
2023;ANTIOQUIA;CACERES;5120.0;11050.0;9734.0;10016.0;6729.0;9542.0;5938.0;30613.0;2414.0;283.0;61.0;100.0;49.0;86036.0;493.0
2023;ANTIOQUIA;CAICEDO;5125.0;449.0;510.0;507.0;1145.0;483.0;587.0;1129.0;189.0;292.0;16.0;0.0;0.0;4999.0;308.0
2023;ANTIOQUIA;CALDAS;5129.0;364.0;229.0;707.0;444.0;212.0;130.0;1073.0;69.0;140.0;11.0;3.0;0.0;3228.0;154.0
2023;ANTIOQUIA;CAMPAMENTO;5134.0;510.0;489.0;1386.0;1073.0;1269.0;999.0;3386.0;332.0;332.0;35.0;8.0;0.0;9444.0;375.0
2023;ANTIOQUIA;CARACOLI;5142.0;3225.0;2897.0;3398.0;1224.0;3533.0;377.0;8396.0;243.0;157.0;64.0;70.0;2.0;23293.0;293.0
2023;ANTIOQUIA;CARAMANTA;5145.0;368.0;355.0;508.0;597.0;762.0;1056.0;930.0;295.0;131.0;10.0;8.0;1.0;4871.0;150.0
2023;ANTIOQUIA;CAREPA;5147.0;3029.0;2902.0;3389.0;3177.0;2581.0;1746.0;9907.0;487.0;280.0;75.0;72.0;4.0;27218.0;431.0
2023;ANTIOQUIA;CAROLINA;5150.0;581.0;210.0;703.0;846.0;583.0;424.0;1866.0;28.0;150.0;13.0;10.0;0.0;5241.0;173.0
2023;ANTIOQUIA;CAUCASIA;5154.0;15472.0;14455.0;18018.0;10983.0;15665.0;7006.0;46031.0;4256.0;358.0;86.0;197.0;73.0;131886.0;714.0
2023;ANTIOQUIA;CAÑASGORDAS;5138.0;1806.0;1604.0;2550.0;1833.0;1838.0;686.0;5086.0;402.0;801.0;47.0;7.0;0.0;15805.0;855.0
2023;ANTIOQUIA;CHIGORODO;5172.0;4813.0;4726.0;4198.0;6589.0;3287.0;7818.0;14438.0;876.0;234.0;57.0;79.0;19.0;46745.0;389.0
2023;ANTIOQUIA;CISNEROS;5190.0;243.0;180.0;350.0;161.0;273.0;41.0;698.0;49.0;113.0;8.0;1.0;0.0;1995.0;122.0
2023;ANTIOQUIA;CIUDAD BOLIVAR;5101.0;513.0;465.0;1236.0;1504.0;1081.0;1388.0;1358.0;109.0;168.0;25.0;21.0;0.0;7654.0;214.0
2023;ANTIOQUIA;COCORNA;5197.0;1429.0;1317.0;2091.0;936.0;1979.0;522.0;3274.0;487.0;682.0;23.0;14.0;0.0;12035.0;719.0
2023;ANTIOQUIA;CONCEPCION;5206.0;962.0;696.0;1211.0;543.0;1420.0;400.0;2356.0;250.0;421.0;19.0;5.0;0.0;7838.0;445.0
2023;ANTIOQUIA;CONCORDIA;5209.0;725.0;1232.0;1161.0;1721.0;1191.0;1813.0;2474.0;1012.0;74.0;19.0;27.0;3.0;11329.0;123.0
2023;ANTIOQUIA;COPACABANA;5212.0;544.0;416.0;600.0;651.0;582.0;352.0;1130.0;74.0;295.0;9.0;6.0;0.0;4349.0;310.0
2023;ANTIOQUIA;DABEIBA;5234.0;3625.0;3475.0;3774.0;3868.0;3304.0;2498.0;10203.0;828.0;656.0;136.0;48.0;3.0;31575.0;843.0
2023;ANTIOQUIA;DONMATIAS;5237.0;7501.0;951.0;5830.0;1238.0;5341.0;730.0;14245.0;241.0;412.0;163.0;90.0;0.0;36077.0;665.0
2023;ANTIOQUIA;EBEJICO;5240.0;824.0;1210.0;1286.0;4164.0;870.0;5007.0;1948.0;2049.0;366.0;23.0;22.0;8.0;17358.0;419.0
2023;ANTIOQUIA;EL BAGRE;5250.0;3094.0;3286.0;2962.0;1724.0;3287.0;678.0;10195.0;590.0;243.0;79.0;61.0;4.0;25816.0;387.0
2023;ANTIOQUIA;EL CARMEN DE VIBORAL;5148.0;2560.0;652.0;2884.0;944.0;2274.0;454.0;6054.0;284.0;930.0;46.0;16.0;0.0;16106.0;992.0
2023;ANTIOQUIA;EL SANTUARIO;5697.0;1656.0;980.0;2147.0;719.0;2436.0;330.0;3273.0;242.0;922.0;29.0;11.0;0.0;11783.0;962.0
2023;ANTIOQUIA;ENTRERRIOS;5264.0;9823.0;372.0;8377.0;400.0;9485.0;318.0;28859.0;227.0;312.0;244.0;174.0;5.0;57861.0;735.0
2023;ANTIOQUIA;ENVIGADO;5266.0;430.0;180.0;429.0;201.0;259.0;79.0;613.0;21.0;143.0;6.0;3.0;0.0;2212.0;152.0
2023;ANTIOQUIA;FREDONIA;5282.0;2192.0;1785.0;3243.0;2815.0;3418.0;4616.0;6089.0;404.0;414.0;41.0;56.0;6.0;24562.0;517.0
2023;ANTIOQUIA;FRONTINO;5284.0;3483.0;3015.0;3412.0;2944.0;3554.0;2197.0;10152.0;609.0;652.0;108.0;52.0;0.0;29366.0;812.0
2023;ANTIOQUIA;GIRALDO;5306.0;150.0;178.0;293.0;223.0;316.0;61.0;619.0;58.0;95.0;5.0;1.0;0.0;1898.0;101.0
2023;ANTIOQUIA;GIRARDOTA;5308.0;1305.0;812.0;1242.0;880.0;1209.0;819.0;2492.0;271.0;372.0;26.0;22.0;0.0;9030.0;420.0
2023;ANTIOQUIA;GOMEZ PLATA;5310.0;1535.0;1290.0;1804.0;3744.0;2450.0;3077.0;3865.0;821.0;300.0;55.0;36.0;3.0;18586.0;394.0
2023;ANTIOQUIA;GRANADA;5313.0;910.0;731.0;1833.0;579.0;1347.0;438.0;5189.0;254.0;908.0;17.0;6.0;0.0;11281.0;931.0
2023;ANTIOQUIA;GUADALUPE;5315.0;710.0;865.0;696.0;1902.0;734.0;1297.0;1603.0;408.0;270.0;31.0;9.0;0.0;8215.0;310.0
2023;ANTIOQUIA;GUARNE;5318.0;925.0;421.0;1263.0;656.0;738.0;199.0;2002.0;77.0;648.0;18.0;2.0;0.0;6281.0;668.0
2023;ANTIOQUIA;GUATAPE;5321.0;150.0;112.0;246.0;150.0;292.0;125.0;800.0;104.0;126.0;6.0;0.0;0.0;1979.0;132.0
2023;ANTIOQUIA;HELICONIA;5347.0;501.0;575.0;896.0;2019.0;632.0;1752.0;1118.0;748.0;135.0;11.0;18.0;1.0;8241.0;165.0
2023;ANTIOQUIA;HISPANIA;5353.0;683.0;637.0;832.0;557.0;1058.0;448.0;1586.0;139.0;67.0;12.0;15.0;1.0;5940.0;95.0
2023;ANTIOQUIA;ITAGUI;5360.0;70.0;48.0;63.0;43.0;66.0;48.0;76.0;1.0;22.0;1.0;0.0;0.0;415.0;23.0
2023;ANTIOQUIA;ITUANGO;5361.0;4997.0;4592.0;4893.0;6546.0;5374.0;7479.0;10115.0;1811.0;787.0;152.0;112.0;1.0;45807.0;1052.0
2023;ANTIOQUIA;JARDIN;5364.0;511.0;552.0;622.0;753.0;604.0;575.0;1225.0;195.0;216.0;23.0;3.0;0.0;5037.0;242.0
2023;ANTIOQUIA;JERICO;5368.0;1240.0;1097.0;1786.0;2442.0;1995.0;2340.0;3126.0;400.0;308.0;28.0;37.0;2.0;14426.0;375.0
2023;ANTIOQUIA;LA CEJA;5376.0;2069.0;592.0;3291.0;727.0;1920.0;420.0;3713.0;166.0;461.0;46.0;19.0;0.0;12898.0;526.0
2023;ANTIOQUIA;LA ESTRELLA;5380.0;122.0;86.0;235.0;190.0;91.0;30.0;191.0;60.0;84.0;2.0;1.0;0.0;1005.0;87.0
2023;ANTIOQUIA;LA PINTADA;5390.0;279.0;220.0;821.0;1832.0;961.0;1447.0;939.0;136.0;32.0;5.0;19.0;1.0;6635.0;57.0
2023;ANTIOQUIA;LA UNION;5400.0;3565.0;363.0;4150.0;531.0;2624.0;420.0;11393.0;101.0;806.0;84.0;28.0;0.0;23147.0;918.0
2023;ANTIOQUIA;LIBORINA;5411.0;1011.0;976.0;1268.0;1345.0;527.0;433.0;2231.0;183.0;394.0;32.0;6.0;0.0;7974.0;432.0
2023;ANTIOQUIA;MACEO;5425.0;4312.0;4131.0;4562.0;8168.0;3904.0;7471.0;13597.0;1992.0;309.0;71.0;102.0;17.0;48137.0;499.0
2023;ANTIOQUIA;MARINILLA;5440.0;1649.0;933.0;2813.0;1078.0;2387.0;536.0;2445.0;130.0;911.0;37.0;12.0;0.0;11971.0;960.0
2023;ANTIOQUIA;MEDELLIN;5001.0;2270.0;765.0;2551.0;1157.0;1818.0;500.0;3773.0;100.0;525.0;30.0;27.0;1.0;12934.0;583.0
2023;ANTIOQUIA;MONTEBELLO;5467.0;242.0;200.0;386.0;325.0;203.0;255.0;432.0;81.0;137.0;4.0;1.0;0.0;2124.0;142.0
2023;ANTIOQUIA;MURINDO;5475.0;0.0;0.0;15.0;10.0;8.0;82.0;254.0;27.0;98.0;64.0;0.0;0.0;396.0;162.0
2023;ANTIOQUIA;MUTATA;5480.0;8362.0;8126.0;7219.0;10375.0;5961.0;8747.0;26119.0;2447.0;298.0;109.0;169.0;30.0;77356.0;606.0
2023;ANTIOQUIA;NARIÑO;5483.0;1355.0;1344.0;1637.0;1291.0;1669.0;765.0;4107.0;432.0;765.0;28.0;9.0;0.0;12600.0;802.0
2023;ANTIOQUIA;NECHI;5495.0;3769.0;4279.0;4000.0;3063.0;3296.0;4811.0;12814.0;1243.0;291.0;94.0;61.0;12.0;37275.0;458.0
2023;ANTIOQUIA;NECOCLI;5490.0;13517.0;11648.0;13642.0;8343.0;10944.0;4761.0;42335.0;2145.0;1085.0;185.0;196.0;35.0;107335.0;1501.0
2023;ANTIOQUIA;OLAYA;5501.0;378.0;444.0;653.0;675.0;432.0;441.0;923.0;129.0;141.0;8.0;7.0;0.0;4075.0;156.0
2023;ANTIOQUIA;PEQUE;5543.0;781.0;695.0;996.0;719.0;1135.0;496.0;2178.0;200.0;370.0;13.0;4.0;0.0;7200.0;387.0
2023;ANTIOQUIA;PEÑOL;5541.0;845.0;735.0;1058.0;350.0;878.0;251.0;2318.0;307.0;719.0;7.0;1.0;0.0;6742.0;727.0
2023;ANTIOQUIA;PUEBLORRICO;5576.0;328.0;273.0;516.0;481.0;743.0;215.0;936.0;80.0;187.0;5.0;9.0;0.0;3572.0;201.0
2023;ANTIOQUIA;PUERTO BERRIO;5579.0;10051.0;9461.0;11364.0;18393.0;9251.0;18878.0;29121.0;4387.0;161.0;72.0;149.0;69.0;110906.0;451.0
2023;ANTIOQUIA;PUERTO NARE;5585.0;5641.0;5077.0;6539.0;7370.0;5010.0;6532.0;14685.0;2392.0;198.0;82.0;101.0;23.0;53246.0;404.0
2023;ANTIOQUIA;PUERTO TRIUNFO;5591.0;3907.0;3908.0;5138.0;6361.0;5629.0;7840.0;12074.0;2721.0;81.0;53.0;81.0;27.0;47578.0;242.0
2023;ANTIOQUIA;REMEDIOS;5604.0;20180.0;19519.0;18217.0;16758.0;18285.0;13143.0;52005.0;6545.0;301.0;304.0;445.0;48.0;164652.0;1098.0
2023;ANTIOQUIA;RETIRO;5607.0;853.0;263.0;994.0;227.0;940.0;119.0;808.0;45.0;293.0;7.0;5.0;0.0;4249.0;305.0
2023;ANTIOQUIA;RIONEGRO;5615.0;2856.0;1198.0;3469.0;1074.0;2482.0;380.0;3923.0;314.0;934.0;39.0;19.0;1.0;15696.0;993.0
2023;ANTIOQUIA;SABANALARGA;5628.0;483.0;410.0;461.0;333.0;489.0;327.0;947.0;107.0;222.0;6.0;1.0;0.0;3557.0;229.0
2023;ANTIOQUIA;SABANETA;5631.0;84.0;64.0;90.0;53.0;46.0;13.0;63.0;5.0;30.0;0.0;0.0;0.0;418.0;30.0
2023;ANTIOQUIA;SALGAR;5642.0;442.0;377.0;970.0;1841.0;843.0;887.0;1338.0;113.0;199.0;10.0;17.0;0.0;6811.0;226.0
2023;ANTIOQUIA;SAN ANDRES DE CUERQUIA;5647.0;1850.0;498.0;2247.0;793.0;2240.0;649.0;3192.0;229.0;265.0;45.0;19.0;1.0;11698.0;330.0
2023;ANTIOQUIA;SAN CARLOS;5649.0;3561.0;3506.0;4302.0;1992.0;5026.0;824.0;9758.0;953.0;696.0;88.0;65.0;1.0;29922.0;850.0
2023;ANTIOQUIA;SAN FRANCISCO;5652.0;723.0;620.0;972.0;548.0;997.0;169.0;2050.0;161.0;228.0;17.0;10.0;0.0;6240.0;255.0
2023;ANTIOQUIA;SAN JERONIMO;5656.0;1057.0;674.0;1272.0;823.0;907.0;376.0;1816.0;149.0;376.0;25.0;7.0;0.0;7074.0;408.0
2023;ANTIOQUIA;SAN JOSE DE LA MONTAÑA;5658.0;3413.0;221.0;2900.0;307.0;2875.0;344.0;5600.0;138.0;93.0;77.0;42.0;1.0;15798.0;213.0
2023;ANTIOQUIA;SAN JUAN DE URABA;5659.0;2244.0;1897.0;1262.0;2049.0;1195.0;2389.0;6089.0;277.0;146.0;23.0;20.0;6.0;17402.0;195.0
2023;ANTIOQUIA;SAN LUIS;5660.0;2214.0;2140.0;2977.0;2290.0;3051.0;1539.0;6279.0;818.0;310.0;62.0;53.0;1.0;21308.0;426.0
2023;ANTIOQUIA;SAN PEDRO DE LOS MILAGROS;5664.0;14639.0;964.0;12675.0;733.0;14973.0;451.0;34417.0;146.0;1187.0;304.0;184.0;3.0;78998.0;1678.0
2023;ANTIOQUIA;SAN PEDRO DE URABA;5665.0;7828.0;7216.0;8556.0;8520.0;10818.0;5969.0;22764.0;2132.0;744.0;180.0;142.0;18.0;73803.0;1084.0
2023;ANTIOQUIA;SAN RAFAEL;5667.0;1435.0;1471.0;1819.0;720.0;2058.0;467.0;4555.0;394.0;618.0;28.0;16.0;0.0;12919.0;662.0
2023;ANTIOQUIA;SAN ROQUE;5670.0;2209.0;2108.0;2757.0;2836.0;3198.0;1870.0;6570.0;1109.0;467.0;59.0;48.0;3.0;22657.0;577.0
2023;ANTIOQUIA;SAN VICENTE FERRER;5674.0;1138.0;974.0;1518.0;1118.0;749.0;410.0;3053.0;254.0;1216.0;8.0;1.0;0.0;9214.0;1225.0
2023;ANTIOQUIA;SANTA BARBARA;5679.0;1105.0;1040.0;2574.0;2710.0;1926.0;1600.0;2796.0;496.0;318.0;22.0;36.0;2.0;14247.0;378.0
2023;ANTIOQUIA;SANTAFE DE ANTIOQUIA;5042.0;2176.0;2006.0;2235.0;1559.0;2288.0;702.0;5664.0;547.0;577.0;53.0;26.0;0.0;17177.0;656.0
2023;ANTIOQUIA;SANTA ROSA DE OSOS;5686.0;29975.0;2966.0;27545.0;2930.0;32907.0;2077.0;66450.0;931.0;1463.0;657.0;469.0;11.0;165781.0;2600.0
2023;ANTIOQUIA;SANTO DOMINGO;5690.0;2028.0;1718.0;2642.0;1495.0;2471.0;794.0;5165.0;476.0;575.0;56.0;22.0;0.0;16789.0;653.0
2023;ANTIOQUIA;SEGOVIA;5736.0;5699.0;4969.0;6270.0;4742.0;6719.0;3468.0;19064.0;3129.0;130.0;121.0;167.0;11.0;54060.0;429.0
2023;ANTIOQUIA;SONSON;5756.0;6306.0;5649.0;6821.0;6584.0;7187.0;7378.0;20415.0;2130.0;1118.0;124.0;89.0;23.0;62470.0;1354.0
2023;ANTIOQUIA;SOPETRAN;5761.0;1664.0;1200.0;1536.0;1222.0;1826.0;892.0;3370.0;284.0;352.0;45.0;21.0;0.0;11994.0;418.0
2023;ANTIOQUIA;TAMESIS;5789.0;1147.0;1123.0;2067.0;2530.0;1470.0;2481.0;2818.0;502.0;357.0;43.0;26.0;2.0;14138.0;428.0
2023;ANTIOQUIA;TARAZA;5790.0;5147.0;4447.0;5383.0;3333.0;5229.0;1833.0;14909.0;919.0;242.0;88.0;73.0;15.0;41200.0;418.0
2023;ANTIOQUIA;TARSO;5792.0;620.0;440.0;1792.0;1816.0;2800.0;1814.0;1478.0;111.0;123.0;15.0;32.0;1.0;10871.0;171.0
2023;ANTIOQUIA;TITIRIBI;5809.0;844.0;637.0;1547.0;2295.0;1582.0;1844.0;2203.0;398.0;139.0;22.0;28.0;3.0;11350.0;192.0
2023;ANTIOQUIA;TOLEDO;5819.0;654.0;386.0;472.0;208.0;584.0;299.0;1054.0;229.0;114.0;11.0;7.0;0.0;3886.0;132.0
2023;ANTIOQUIA;TURBO;5837.0;21316.0;19624.0;21238.0;18554.0;16140.0;13383.0;61760.0;3848.0;1202.0;346.0;377.0;55.0;175863.0;1980.0
2023;ANTIOQUIA;URAMITA;5842.0;1531.0;1351.0;1341.0;1203.0;1308.0;915.0;3595.0;298.0;336.0;34.0;18.0;0.0;11542.0;388.0
2023;ANTIOQUIA;URRAO;5847.0;2608.0;2796.0;2473.0;3305.0;2938.0;5704.0;7699.0;1580.0;586.0;112.0;58.0;0.0;29103.0;756.0
2023;ANTIOQUIA;VALDIVIA;5854.0;3131.0;2617.0;4007.0;2971.0;4228.0;2088.0;8826.0;701.0;408.0;126.0;56.0;0.0;28569.0;590.0
2023;ANTIOQUIA;VALPARAISO;5856.0;442.0;838.0;681.0;2291.0;712.0;4006.0;1145.0;906.0;106.0;23.0;26.0;4.0;11021.0;159.0
2023;ANTIOQUIA;VEGACHI;5858.0;4065.0;4046.0;3963.0;2893.0;3682.0;2037.0;10679.0;1084.0;178.0;93.0;96.0;2.0;32449.0;369.0
2023;ANTIOQUIA;VENECIA;5861.0;640.0;993.0;1806.0;2598.0;1514.0;2329.0;1689.0;124.0;153.0;10.0;32.0;3.0;11693.0;198.0
2023;ANTIOQUIA;VIGIA DEL FUERTE;5873.0;0.0;0.0;0.0;0.0;74.0;109.0;146.0;38.0;112.0;83.0;0.0;0.0;367.0;195.0
2023;ANTIOQUIA;YALI;5885.0;4036.0;4014.0;3249.0;2198.0;3514.0;1321.0;10510.0;708.0;172.0;76.0;80.0;6.0;29550.0;334.0
2023;ANTIOQUIA;YARUMAL;5887.0;11016.0;2334.0;10220.0;2961.0;9079.0;2423.0;22876.0;1094.0;711.0;272.0;143.0;2.0;62003.0;1128.0
2023;ANTIOQUIA;YOLOMBO;5890.0;5077.0;4622.0;5666.0;5594.0;5698.0;3664.0;13815.0;1204.0;505.0;117.0;104.0;6.0;45340.0;732.0
2023;ANTIOQUIA;YONDO;5893.0;11741.0;13410.0;11946.0;24480.0;12457.0;25229.0;32641.0;4242.0;470.0;192.0;223.0;57.0;136146.0;942.0
2023;ANTIOQUIA;ZARAGOZA;5895.0;3760.0;3280.0;3214.0;1594.0;3641.0;445.0;10330.0;380.0;151.0;54.0;79.0;5.0;26644.0;289.0
2024;ANTIOQUIA;ABEJORRAL;5002.0;2276.0;1432.0;3720.0;2310.0;2887.0;1470.0;7742.0;720.0;903.0;67.0;27.0;0.0;22557.0;997.0
2024;ANTIOQUIA;ABRIAQUI;5004.0;887.0;753.0;1082.0;1185.0;1152.0;656.0;3079.0;187.0;250.0;35.0;11.0;0.0;8981.0;296.0
2024;ANTIOQUIA;ALEJANDRIA;5021.0;242.0;206.0;700.0;228.0;642.0;99.0;1292.0;151.0;210.0;9.0;1.0;0.0;3560.0;220.0
2024;ANTIOQUIA;AMAGA;5030.0;206.0;175.0;868.0;1080.0;383.0;564.0;831.0;53.0;198.0;9.0;10.0;0.0;4160.0;217.0
2024;ANTIOQUIA;AMALFI;5031.0;3996.0;4292.0;3856.0;5167.0;5099.0;3900.0;11001.0;1302.0;617.0;119.0;84.0;4.0;38613.0;824.0
2024;ANTIOQUIA;ANDES;5034.0;396.0;407.0;943.0;805.0;1077.0;586.0;1371.0;162.0;220.0;16.0;11.0;0.0;5747.0;247.0
2024;ANTIOQUIA;ANGELOPOLIS;5036.0;169.0;176.0;279.0;620.0;291.0;542.0;516.0;136.0;88.0;6.0;6.0;0.0;2729.0;100.0
2024;ANTIOQUIA;ANGOSTURA;5038.0;2057.0;661.0;1999.0;721.0;2496.0;830.0;6197.0;302.0;420.0;36.0;25.0;1.0;15263.0;482.0
2024;ANTIOQUIA;ANORI;5040.0;4075.0;4164.0;4563.0;5827.0;4172.0;3120.0;10984.0;1110.0;603.0;151.0;78.0;1.0;38015.0;833.0
2024;ANTIOQUIA;ANZA;5044.0;827.0;911.0;1025.0;937.0;1575.0;1042.0;2319.0;315.0;251.0;23.0;14.0;1.0;8951.0;289.0
2024;ANTIOQUIA;APARTADO;5045.0;2264.0;1948.0;3021.0;2336.0;2347.0;1379.0;7028.0;406.0;342.0;67.0;39.0;3.0;20729.0;451.0
2024;ANTIOQUIA;ARBOLETES;5051.0;5374.0;4730.0;12377.0;8751.0;6194.0;9518.0;17664.0;3011.0;645.0;130.0;107.0;22.0;67619.0;904.0
2024;ANTIOQUIA;ARGELIA;5055.0;1046.0;1042.0;1277.0;1077.0;1700.0;705.0;3960.0;345.0;366.0;36.0;20.0;0.0;11152.0;422.0
2024;ANTIOQUIA;ARMENIA;5059.0;467.0;527.0;945.0;2301.0;1445.0;2362.0;1667.0;480.0;66.0;13.0;27.0;3.0;10194.0;109.0
2024;ANTIOQUIA;BARBOSA;5079.0;1808.0;1154.0;2762.0;2173.0;2153.0;1327.0;3876.0;422.0;685.0;62.0;13.0;1.0;15675.0;761.0
2024;ANTIOQUIA;BELLO;5088.0;2885.0;359.0;2956.0;595.0;2808.0;330.0;7953.0;93.0;311.0;77.0;37.0;0.0;17979.0;425.0
2024;ANTIOQUIA;BELMIRA;5086.0;929.0;208.0;1435.0;668.0;1463.0;1223.0;1458.0;75.0;471.0;132.0;84.0;2.0;7459.0;689.0
2024;ANTIOQUIA;BETANIA;5091.0;650.0;449.0;702.0;363.0;177.0;350.0;492.0;146.0;57.0;5.0;8.0;0.0;3329.0;70.0
2024;ANTIOQUIA;BETULIA;5093.0;475.0;553.0;1129.0;1492.0;801.0;1032.0;1443.0;520.0;78.0;15.0;25.0;1.0;7445.0;119.0
2024;ANTIOQUIA;BRICEÑO;5107.0;2181.0;2069.0;2322.0;2489.0;2018.0;2446.0;5871.0;741.0;409.0;86.0;34.0;0.0;20137.0;529.0
2024;ANTIOQUIA;BURITICA;5113.0;718.0;747.0;641.0;515.0;920.0;400.0;1883.0;247.0;186.0;21.0;8.0;0.0;6071.0;215.0
2024;ANTIOQUIA;CACERES;5120.0;9799.0;8744.0;10983.0;6930.0;10189.0;6251.0;29141.0;2741.0;263.0;65.0;102.0;53.0;84778.0;483.0
2024;ANTIOQUIA;CAICEDO;5125.0;423.0;548.0;549.0;835.0;568.0;888.0;1228.0;240.0;296.0;12.0;3.0;0.0;5279.0;311.0
2024;ANTIOQUIA;CALDAS;5129.0;344.0;215.0;559.0;295.0;424.0;156.0;754.0;95.0;136.0;11.0;1.0;0.0;2842.0;148.0
2024;ANTIOQUIA;CAMPAMENTO;5134.0;1061.0;725.0;1364.0;966.0;1053.0;772.0;3087.0;324.0;329.0;32.0;11.0;0.0;9352.0;372.0
2024;ANTIOQUIA;CARACOLI;5142.0;2829.0;2816.0;2731.0;2116.0;2879.0;665.0;9143.0;435.0;154.0;69.0;74.0;2.0;23614.0;299.0
2024;ANTIOQUIA;CARAMANTA;5145.0;228.0;309.0;507.0;837.0;644.0;980.0;873.0;108.0;111.0;10.0;6.0;1.0;4486.0;128.0
2024;ANTIOQUIA;CAREPA;5147.0;2515.0;2298.0;2593.0;3178.0;2782.0;2180.0;9067.0;545.0;270.0;60.0;71.0;3.0;25158.0;404.0
2024;ANTIOQUIA;CAROLINA;5150.0;535.0;172.0;795.0;659.0;760.0;471.0;1679.0;72.0;141.0;14.0;11.0;0.0;5143.0;166.0
2024;ANTIOQUIA;CAUCASIA;5154.0;13139.0;13066.0;16167.0;10646.0;14103.0;6945.0;47303.0;4882.0;368.0;77.0;198.0;68.0;126251.0;711.0
2024;ANTIOQUIA;CAÑASGORDAS;5138.0;1542.0;1322.0;3225.0;1659.0;2085.0;790.0;5242.0;532.0;829.0;40.0;10.0;0.0;16397.0;879.0
2024;ANTIOQUIA;CHIGORODO;5172.0;3055.0;3082.0;4839.0;7946.0;4113.0;7339.0;12157.0;1108.0;240.0;59.0;80.0;17.0;43639.0;396.0
2024;ANTIOQUIA;CISNEROS;5190.0;185.0;230.0;240.0;132.0;394.0;20.0;751.0;60.0;105.0;8.0;2.0;0.0;2012.0;115.0
2024;ANTIOQUIA;CIUDAD BOLIVAR;5101.0;499.0;408.0;1154.0;1732.0;1140.0;1279.0;1487.0;85.0;159.0;25.0;18.0;1.0;7784.0;203.0
2024;ANTIOQUIA;COCORNA;5197.0;816.0;764.0;1864.0;1025.0;1873.0;429.0;3245.0;559.0;645.0;23.0;8.0;0.0;10575.0;676.0
2024;ANTIOQUIA;CONCEPCION;5206.0;785.0;632.0;1138.0;576.0;1598.0;506.0;2322.0;263.0;420.0;19.0;7.0;0.0;7820.0;446.0
2024;ANTIOQUIA;CONCORDIA;5209.0;799.0;1536.0;1241.0;2279.0;1416.0;1553.0;3024.0;1106.0;90.0;16.0;28.0;4.0;12954.0;138.0
2024;ANTIOQUIA;COPACABANA;5212.0;499.0;336.0;675.0;644.0;858.0;273.0;1071.0;55.0;269.0;11.0;4.0;0.0;4411.0;284.0
2024;ANTIOQUIA;DABEIBA;5234.0;3533.0;3002.0;3866.0;4303.0;3301.0;2453.0;10202.0;1004.0;711.0;124.0;50.0;1.0;31664.0;886.0
2024;ANTIOQUIA;DONMATIAS;5237.0;6001.0;805.0;5926.0;1208.0;6303.0;859.0;13314.0;503.0;448.0;162.0;79.0;0.0;34919.0;689.0
2024;ANTIOQUIA;EBEJICO;5240.0;789.0;1235.0;1148.0;3799.0;976.0;4387.0;1980.0;2754.0;356.0;24.0;22.0;6.0;17068.0;408.0
2024;ANTIOQUIA;EL BAGRE;5250.0;2808.0;3101.0;3310.0;2391.0;3412.0;449.0;10203.0;636.0;216.0;85.0;64.0;6.0;26310.0;371.0
2024;ANTIOQUIA;EL CARMEN DE VIBORAL;5148.0;2051.0;670.0;2883.0;1052.0;2311.0;412.0;5163.0;214.0;804.0;48.0;13.0;0.0;14756.0;865.0
2024;ANTIOQUIA;EL SANTUARIO;5697.0;1136.0;709.0;1582.0;516.0;2491.0;499.0;3975.0;452.0;933.0;30.0;8.0;0.0;11360.0;971.0
2024;ANTIOQUIA;ENTRERRIOS;5264.0;8492.0;378.0;7680.0;362.0;9444.0;266.0;27823.0;213.0;284.0;230.0;172.0;2.0;54658.0;688.0
2024;ANTIOQUIA;ENVIGADO;5266.0;338.0;111.0;386.0;242.0;187.0;105.0;657.0;23.0;112.0;13.0;1.0;0.0;2049.0;126.0
2024;ANTIOQUIA;FREDONIA;5282.0;1913.0;1629.0;3232.0;3770.0;3646.0;3423.0;5905.0;652.0;398.0;41.0;60.0;5.0;24170.0;504.0
2024;ANTIOQUIA;FRONTINO;5284.0;3229.0;2677.0;3686.0;3172.0;3616.0;2136.0;10380.0;655.0;656.0;108.0;46.0;0.0;29551.0;810.0
2024;ANTIOQUIA;GIRALDO;5306.0;180.0;163.0;297.0;288.0;274.0;80.0;562.0;47.0;92.0;6.0;0.0;0.0;1891.0;98.0
2024;ANTIOQUIA;GIRARDOTA;5308.0;1024.0;558.0;1313.0;1120.0;1911.0;819.0;1884.0;208.0;355.0;22.0;21.0;0.0;8837.0;398.0
2024;ANTIOQUIA;GOMEZ PLATA;5310.0;1250.0;908.0;2137.0;3769.0;1827.0;3328.0;3744.0;991.0;309.0;48.0;34.0;2.0;17954.0;393.0
2024;ANTIOQUIA;GRANADA;5313.0;785.0;609.0;2070.0;595.0;1230.0;330.0;4843.0;400.0;845.0;15.0;6.0;0.0;10862.0;866.0
2024;ANTIOQUIA;GUADALUPE;5315.0;1396.0;562.0;576.0;1562.0;804.0;1209.0;1482.0;438.0;229.0;28.0;6.0;0.0;8029.0;263.0
2024;ANTIOQUIA;GUARNE;5318.0;769.0;430.0;1295.0;698.0;746.0;146.0;1851.0;92.0;595.0;16.0;3.0;0.0;6027.0;614.0
2024;ANTIOQUIA;GUATAPE;5321.0;118.0;106.0;230.0;145.0;348.0;99.0;626.0;155.0;123.0;4.0;1.0;0.0;1827.0;128.0
2024;ANTIOQUIA;HELICONIA;5347.0;406.0;488.0;705.0;1741.0;840.0;1767.0;1424.0;827.0;115.0;14.0;21.0;1.0;8198.0;151.0
2024;ANTIOQUIA;HISPANIA;5353.0;654.0;409.0;1111.0;627.0;1370.0;439.0;1545.0;91.0;71.0;14.0;12.0;2.0;6246.0;99.0
2024;ANTIOQUIA;ITAGUI;5360.0;62.0;51.0;91.0;66.0;59.0;19.0;70.0;10.0;22.0;3.0;0.0;0.0;428.0;25.0
2024;ANTIOQUIA;ITUANGO;5361.0;4595.0;4561.0;4088.0;5666.0;5400.0;6626.0;9357.0;2058.0;646.0;143.0;103.0;4.0;42351.0;896.0
2024;ANTIOQUIA;JARDIN;5364.0;472.0;601.0;715.0;743.0;471.0;740.0;1091.0;268.0;185.0;27.0;2.0;0.0;5101.0;214.0
2024;ANTIOQUIA;JERICO;5368.0;961.0;954.0;1709.0;1987.0;1901.0;2050.0;3106.0;411.0;318.0;22.0;33.0;2.0;13079.0;375.0
2024;ANTIOQUIA;LA CEJA;5376.0;1608.0;491.0;2338.0;576.0;2009.0;527.0;3678.0;355.0;429.0;39.0;22.0;0.0;11582.0;490.0
2024;ANTIOQUIA;LA ESTRELLA;5380.0;130.0;67.0;155.0;172.0;102.0;52.0;182.0;22.0;78.0;1.0;0.0;0.0;882.0;79.0
2024;ANTIOQUIA;LA PINTADA;5390.0;175.0;145.0;991.0;1451.0;1125.0;1131.0;702.0;236.0;32.0;10.0;16.0;1.0;5956.0;59.0
2024;ANTIOQUIA;LA UNION;5400.0;2656.0;492.0;3632.0;568.0;3203.0;404.0;10347.0;284.0;715.0;81.0;25.0;0.0;21586.0;821.0
2024;ANTIOQUIA;LIBORINA;5411.0;843.0;716.0;1480.0;1598.0;578.0;406.0;2167.0;139.0;403.0;20.0;9.0;0.0;7927.0;432.0
2024;ANTIOQUIA;MACEO;5425.0;3709.0;4016.0;4082.0;9249.0;4122.0;6670.0;12935.0;1713.0;303.0;75.0;99.0;17.0;46496.0;494.0
2024;ANTIOQUIA;MARINILLA;5440.0;1381.0;767.0;2577.0;1157.0;3039.0;821.0;2467.0;211.0;843.0;44.0;13.0;0.0;12420.0;900.0
2024;ANTIOQUIA;MEDELLIN;5001.0;1741.0;780.0;2348.0;1075.0;1711.0;490.0;3440.0;183.0;479.0;32.0;17.0;0.0;11768.0;528.0
2024;ANTIOQUIA;MONTEBELLO;5467.0;158.0;156.0;355.0;297.0;287.0;149.0;248.0;74.0;108.0;1.0;2.0;0.0;1724.0;111.0
2024;ANTIOQUIA;MURINDO;5475.0;0.0;0.0;15.0;10.0;8.0;80.0;230.0;27.0;90.0;60.0;0.0;0.0;370.0;150.0
2024;ANTIOQUIA;MUTATA;5480.0;6524.0;6042.0;7988.0;11571.0;7121.0;10003.0;24112.0;1642.0;335.0;95.0;157.0;34.0;75003.0;621.0
2024;ANTIOQUIA;NARIÑO;5483.0;1006.0;978.0;1671.0;1308.0;1785.0;921.0;4258.0;551.0;725.0;38.0;8.0;0.0;12478.0;771.0
2024;ANTIOQUIA;NECHI;5495.0;2531.0;3086.0;3813.0;3439.0;4867.0;3569.0;11946.0;1004.0;288.0;82.0;59.0;12.0;34255.0;441.0
2024;ANTIOQUIA;NECOCLI;5490.0;10143.0;8865.0;14877.0;11173.0;9803.0;4778.0;38688.0;2530.0;1058.0;154.0;187.0;31.0;100857.0;1430.0
2024;ANTIOQUIA;OLAYA;5501.0;312.0;352.0;672.0;901.0;546.0;296.0;875.0;133.0;145.0;12.0;8.0;0.0;4087.0;165.0
2024;ANTIOQUIA;PEQUE;5543.0;837.0;798.0;1107.0;709.0;1088.0;589.0;2370.0;211.0;380.0;20.0;3.0;0.0;7709.0;403.0
2024;ANTIOQUIA;PEÑOL;5541.0;704.0;673.0;996.0;535.0;938.0;309.0;2329.0;380.0;710.0;4.0;1.0;0.0;6864.0;715.0
2024;ANTIOQUIA;PUEBLORRICO;5576.0;284.0;245.0;771.0;300.0;574.0;283.0;946.0;81.0;176.0;8.0;6.0;0.0;3484.0;190.0
2024;ANTIOQUIA;PUERTO BERRIO;5579.0;9189.0;8599.0;10695.0;16211.0;9804.0;21016.0;27399.0;5525.0;170.0;73.0;147.0;69.0;108438.0;459.0
2024;ANTIOQUIA;PUERTO NARE;5585.0;4995.0;4778.0;6388.0;6706.0;5208.0;6855.0;14695.0;2361.0;183.0;80.0;109.0;19.0;51986.0;391.0
2024;ANTIOQUIA;PUERTO TRIUNFO;5591.0;4020.0;4036.0;4429.0;5995.0;4925.0;6950.0;12104.0;3183.0;97.0;38.0;90.0;24.0;45642.0;249.0
2024;ANTIOQUIA;REMEDIOS;5604.0;18449.0;18251.0;19136.0;17537.0;18508.0;13696.0;52576.0;6375.0;271.0;292.0;440.0;51.0;164528.0;1054.0
2024;ANTIOQUIA;RETIRO;5607.0;611.0;230.0;969.0;248.0;768.0;135.0;881.0;57.0;280.0;11.0;3.0;0.0;3899.0;294.0
2024;ANTIOQUIA;RIONEGRO;5615.0;2450.0;1092.0;2637.0;1073.0;2395.0;510.0;4540.0;382.0;810.0;51.0;20.0;0.0;15079.0;881.0
2024;ANTIOQUIA;SABANALARGA;5628.0;404.0;300.0;505.0;409.0;465.0;306.0;1012.0;165.0;243.0;9.0;1.0;0.0;3566.0;253.0
2024;ANTIOQUIA;SABANETA;5631.0;85.0;60.0;122.0;46.0;50.0;21.0;87.0;10.0;35.0;0.0;0.0;0.0;481.0;35.0
2024;ANTIOQUIA;SALGAR;5642.0;392.0;288.0;809.0;1237.0;915.0;1525.0;1094.0;110.0;168.0;9.0;16.0;0.0;6370.0;193.0
2024;ANTIOQUIA;SAN ANDRES DE CUERQUIA;5647.0;1378.0;379.0;1756.0;937.0;1923.0;716.0;2862.0;210.0;232.0;30.0;18.0;0.0;10161.0;280.0
2024;ANTIOQUIA;SAN CARLOS;5649.0;2884.0;2730.0;3968.0;1769.0;4908.0;973.0;9070.0;1003.0;657.0;86.0;59.0;1.0;27305.0;803.0
2024;ANTIOQUIA;SAN FRANCISCO;5652.0;496.0;484.0;900.0;617.0;1019.0;277.0;2064.0;267.0;218.0;20.0;10.0;0.0;6124.0;248.0
2024;ANTIOQUIA;SAN JERONIMO;5656.0;733.0;583.0;1211.0;982.0;1024.0;434.0;1816.0;148.0;360.0;20.0;9.0;0.0;6931.0;389.0
2024;ANTIOQUIA;SAN JOSE DE LA MONTAÑA;5658.0;3239.0;198.0;2411.0;268.0;2361.0;284.0;5168.0;100.0;103.0;73.0;28.0;1.0;14029.0;205.0
2024;ANTIOQUIA;SAN JUAN DE URABA;5659.0;1660.0;1364.0;1572.0;1572.0;908.0;2547.0;5281.0;263.0;140.0;19.0;15.0;6.0;15167.0;180.0
2024;ANTIOQUIA;SAN LUIS;5660.0;1301.0;1627.0;2800.0;2558.0;2685.0;1449.0;6679.0;1089.0;327.0;55.0;49.0;1.0;20188.0;432.0
2024;ANTIOQUIA;SAN PEDRO DE LOS MILAGROS;5664.0;11965.0;806.0;11488.0;646.0;12102.0;507.0;40533.0;222.0;1091.0;306.0;172.0;3.0;78269.0;1572.0
2024;ANTIOQUIA;SAN PEDRO DE URABA;5665.0;6275.0;6704.0;8437.0;8949.0;7935.0;5967.0;21815.0;3538.0;764.0;179.0;125.0;17.0;69620.0;1085.0
2024;ANTIOQUIA;SAN RAFAEL;5667.0;1250.0;1259.0;1821.0;1078.0;2340.0;374.0;4317.0;483.0;629.0;32.0;12.0;1.0;12922.0;674.0
2024;ANTIOQUIA;SAN ROQUE;5670.0;1699.0;1883.0;2641.0;2453.0;3102.0;2014.0;6359.0;675.0;425.0;75.0;40.0;1.0;20826.0;541.0
2024;ANTIOQUIA;SAN VICENTE FERRER;5674.0;941.0;871.0;1365.0;1122.0;899.0;526.0;3005.0;367.0;1094.0;7.0;1.0;0.0;9096.0;1102.0
2024;ANTIOQUIA;SANTA BARBARA;5679.0;837.0;788.0;2417.0;2351.0;2193.0;1331.0;2576.0;377.0;296.0;25.0;35.0;1.0;12870.0;357.0
2024;ANTIOQUIA;SANTAFE DE ANTIOQUIA;5042.0;1694.0;1639.0;2172.0;1506.0;2772.0;897.0;5394.0;624.0;608.0;48.0;21.0;0.0;16698.0;677.0
2024;ANTIOQUIA;SANTA ROSA DE OSOS;5686.0;26587.0;2424.0;24506.0;3224.0;29860.0;2279.0;68788.0;1066.0;1320.0;587.0;459.0;11.0;158734.0;2377.0
2024;ANTIOQUIA;SANTO DOMINGO;5690.0;1766.0;1501.0;2649.0;1658.0;2952.0;975.0;5005.0;488.0;568.0;53.0;27.0;0.0;16994.0;648.0
2024;ANTIOQUIA;SEGOVIA;5736.0;4114.0;4423.0;4930.0;4349.0;5960.0;3122.0;23107.0;3493.0;109.0;119.0;170.0;7.0;53498.0;405.0
2024;ANTIOQUIA;SONSON;5756.0;5534.0;4960.0;6854.0;7348.0;5903.0;6503.0;19396.0;2612.0;1072.0;83.0;84.0;21.0;59110.0;1260.0
2024;ANTIOQUIA;SOPETRAN;5761.0;1619.0;1243.0;1448.0;1028.0;1585.0;669.0;3283.0;423.0;355.0;38.0;23.0;0.0;11298.0;416.0
2024;ANTIOQUIA;TAMESIS;5789.0;1074.0;967.0;2107.0;2553.0;2028.0;2130.0;2964.0;561.0;358.0;55.0;20.0;3.0;14384.0;436.0
2024;ANTIOQUIA;TARAZA;5790.0;3662.0;3795.0;5380.0;3114.0;5680.0;2035.0;14375.0;1331.0;219.0;92.0;62.0;14.0;39372.0;387.0
2024;ANTIOQUIA;TARSO;5792.0;361.0;348.0;2115.0;1354.0;2945.0;1588.0;1419.0;166.0;118.0;14.0;31.0;2.0;10296.0;165.0
2024;ANTIOQUIA;TITIRIBI;5809.0;688.0;701.0;1603.0;1842.0;1631.0;1553.0;1771.0;331.0;147.0;16.0;24.0;3.0;10120.0;190.0
2024;ANTIOQUIA;TOLEDO;5819.0;484.0;221.0;291.0;128.0;395.0;263.0;984.0;289.0;84.0;12.0;3.0;0.0;3055.0;99.0
2024;ANTIOQUIA;TURBO;5837.0;17200.0;16220.0;22862.0;20802.0;17514.0;13939.0;63886.0;4743.0;1188.0;279.0;380.0;50.0;177166.0;1897.0
2024;ANTIOQUIA;URAMITA;5842.0;1232.0;1107.0;1566.0;1255.0;1196.0;800.0;3747.0;300.0;341.0;36.0;15.0;0.0;11203.0;392.0
2024;ANTIOQUIA;URRAO;5847.0;2633.0;2788.0;2562.0;4056.0;3136.0;4938.0;7683.0;2440.0;548.0;134.0;62.0;0.0;30236.0;744.0
2024;ANTIOQUIA;VALDIVIA;5854.0;2692.0;2603.0;3813.0;3026.0;4444.0;1810.0;8312.0;899.0;376.0;110.0;58.0;0.0;27599.0;544.0
2024;ANTIOQUIA;VALPARAISO;5856.0;303.0;342.0;861.0;2263.0;823.0;4044.0;879.0;824.0;104.0;27.0;25.0;2.0;10339.0;158.0
2024;ANTIOQUIA;VEGACHI;5858.0;3507.0;3655.0;2977.0;3357.0;3894.0;2053.0;11782.0;1439.0;178.0;77.0;104.0;3.0;32664.0;362.0
2024;ANTIOQUIA;VENECIA;5861.0;729.0;841.0;1987.0;1688.0;1796.0;2737.0;1734.0;182.0;161.0;14.0;33.0;2.0;11694.0;210.0
2024;ANTIOQUIA;VIGIA DEL FUERTE;5873.0;0.0;0.0;0.0;0.0;72.0;99.0;138.0;26.0;100.0;75.0;0.0;0.0;335.0;175.0
2024;ANTIOQUIA;YALI;5885.0;3684.0;3722.0;3430.0;2422.0;3809.0;1523.0;11277.0;1310.0;161.0;67.0;83.0;6.0;31177.0;317.0
2024;ANTIOQUIA;YARUMAL;5887.0;9554.0;2410.0;9942.0;2686.0;10027.0;2649.0;20765.0;1031.0;714.0;230.0;141.0;2.0;59064.0;1087.0
2024;ANTIOQUIA;YOLOMBO;5890.0;4484.0;4484.0;6056.0;5572.0;6641.0;4011.0;13289.0;1447.0;507.0;116.0;105.0;11.0;45984.0;739.0
2024;ANTIOQUIA;YONDO;5893.0;10104.0;11318.0;11407.0;26576.0;11983.0;17568.0;41640.0;7876.0;474.0;191.0;226.0;48.0;138472.0;939.0
2024;ANTIOQUIA;ZARAGOZA;5895.0;3568.0;3244.0;3267.0;1628.0;4345.0;452.0;10768.0;569.0;154.0;54.0;82.0;10.0;27841.0;300.0
2025;ANTIOQUIA;ABEJORRAL;5002.0;2602.0;1691.0;3479.0;2222.0;3235.0;1630.0;8076.0;723.0;473.0;12.0;13.0;6.0;23658.0;504.0
2025;ANTIOQUIA;ABRIAQUI;5004.0;1043.0;799.0;905.0;1470.0;1190.0;736.0;3219.0;211.0;247.0;40.0;13.0;0.0;9573.0;300.0
2025;ANTIOQUIA;ALEJANDRIA;5021.0;368.0;316.0;527.0;168.0;816.0;87.0;1340.0;169.0;203.0;11.0;3.0;0.0;3791.0;217.0
2025;ANTIOQUIA;AMAGA;5030.0;243.0;257.0;982.0;1161.0;430.0;636.0;761.0;79.0;198.0;8.0;12.0;0.0;4549.0;218.0
2025;ANTIOQUIA;AMALFI;5031.0;4205.0;4126.0;3874.0;4753.0;5398.0;5625.0;11271.0;1157.0;597.0;134.0;83.0;4.0;40409.0;818.0
2025;ANTIOQUIA;ANDES;5034.0;465.0;484.0;1024.0;900.0;1124.0;639.0;1360.0;127.0;224.0;21.0;9.0;0.0;6123.0;254.0
2025;ANTIOQUIA;ANGELOPOLIS;5036.0;122.0;186.0;268.0;592.0;351.0;642.0;548.0;95.0;80.0;7.0;7.0;0.0;2804.0;94.0
2025;ANTIOQUIA;ANGOSTURA;5038.0;2090.0;686.0;1866.0;947.0;1984.0;739.0;5855.0;224.0;396.0;36.0;22.0;0.0;14391.0;454.0
2025;ANTIOQUIA;ANORI;5040.0;4162.0;4091.0;4031.0;6075.0;3964.0;3571.0;10493.0;853.0;312.0;57.0;99.0;42.0;37240.0;510.0
2025;ANTIOQUIA;ANZA;5044.0;946.0;935.0;1007.0;838.0;1324.0;1040.0;2395.0;297.0;241.0;24.0;14.0;1.0;8782.0;280.0
2025;ANTIOQUIA;APARTADO;5045.0;2376.0;2283.0;2770.0;2308.0;2607.0;1725.0;6980.0;405.0;343.0;85.0;67.0;7.0;21454.0;502.0
2025;ANTIOQUIA;ARBOLETES;5051.0;5249.0;4752.0;8626.0;9261.0;6365.0;9551.0;18117.0;2682.0;396.0;62.0;67.0;13.0;64603.0;538.0
2025;ANTIOQUIA;ARGELIA;5055.0;1263.0;1151.0;1270.0;1178.0;1592.0;762.0;3903.0;297.0;363.0;43.0;17.0;0.0;11416.0;423.0
2025;ANTIOQUIA;ARMENIA;5059.0;583.0;628.0;941.0;1801.0;1370.0;2542.0;1821.0;625.0;64.0;9.0;30.0;3.0;10311.0;106.0
2025;ANTIOQUIA;BARBOSA;5079.0;2055.0;1274.0;2618.0;2398.0;1885.0;1051.0;4313.0;458.0;675.0;58.0;22.0;0.0;16052.0;755.0
2025;ANTIOQUIA;BELLO;5088.0;2971.0;381.0;2777.0;748.0;2807.0;237.0;7985.0;112.0;329.0;59.0;44.0;3.0;18018.0;435.0
2025;ANTIOQUIA;BELMIRA;5086.0;6786.0;510.0;5487.0;419.0;5658.0;313.0;16812.0;201.0;317.0;4.0;0.0;0.0;36186.0;321.0
2025;ANTIOQUIA;BETANIA;5091.0;229.0;239.0;558.0;481.0;583.0;371.0;541.0;49.0;116.0;11.0;3.0;0.0;3051.0;130.0
2025;ANTIOQUIA;BETULIA;5093.0;514.0;498.0;1108.0;1367.0;1112.0;1331.0;1215.0;551.0;293.0;56.0;15.0;0.0;7696.0;364.0
2025;ANTIOQUIA;BRICEÑO;5107.0;2210.0;2212.0;2281.0;2508.0;2201.0;3031.0;5908.0;689.0;215.0;20.0;10.0;0.0;21040.0;245.0
2025;ANTIOQUIA;BURITICA;5113.0;715.0;646.0;1011.0;661.0;721.0;407.0;1833.0;258.0;294.0;19.0;8.0;0.0;6252.0;321.0
2025;ANTIOQUIA;CACERES;5120.0;10189.0;9340.0;10891.0;7231.0;10799.0;6272.0;29378.0;2504.0;282.0;37.0;16.0;0.0;86604.0;335.0
2025;ANTIOQUIA;CAICEDO;5125.0;362.0;513.0;414.0;919.0;560.0;1022.0;1287.0;273.0;243.0;11.0;3.0;0.0;5350.0;257.0
2025;ANTIOQUIA;CALDAS;5129.0;355.0;190.0;665.0;449.0;258.0;113.0;944.0;83.0;286.0;31.0;5.0;0.0;3057.0;322.0
2025;ANTIOQUIA;CAMPAMENTO;5134.0;1101.0;635.0;1264.0;1001.0;1075.0;847.0;2976.0;331.0;312.0;43.0;17.0;0.0;9230.0;372.0
2025;ANTIOQUIA;CARACOLI;5142.0;3348.0;3104.0;2685.0;2182.0;3150.0;437.0;8688.0;392.0;298.0;8.0;1.0;0.0;23986.0;307.0
2025;ANTIOQUIA;CARAMANTA;5145.0;262.0;262.0;428.0;587.0;850.0;932.0;727.0;226.0;200.0;18.0;3.0;0.0;4274.0;221.0
2025;ANTIOQUIA;CAREPA;5147.0;2692.0;2411.0;2860.0;3249.0;2816.0;1854.0;8697.0;598.0;362.0;31.0;12.0;1.0;25177.0;406.0
2025;ANTIOQUIA;CAROLINA;5150.0;673.0;173.0;678.0;765.0;733.0;530.0;1677.0;79.0;132.0;14.0;12.0;0.0;5308.0;158.0
2025;ANTIOQUIA;CAUCASIA;5154.0;13450.0;12885.0;16327.0;11014.0;14616.0;9061.0;43229.0;3524.0;503.0;89.0;26.0;0.0;124106.0;618.0
2025;ANTIOQUIA;CAÑASGORDAS;5138.0;1652.0;1511.0;2837.0;1829.0;2005.0;767.0;5157.0;540.0;620.0;38.0;12.0;0.0;16298.0;670.0
2025;ANTIOQUIA;CHIGORODO;5172.0;3948.0;3839.0;4390.0;6339.0;3869.0;7655.0;12644.0;1657.0;352.0;39.0;9.0;0.0;44341.0;400.0
2025;ANTIOQUIA;CISNEROS;5190.0;232.0;176.0;284.0;103.0;322.0;110.0;724.0;61.0;112.0;8.0;1.0;0.0;2012.0;121.0
2025;ANTIOQUIA;CIUDAD BOLIVAR;5101.0;485.0;462.0;1195.0;1748.0;991.0;1179.0;1436.0;62.0;405.0;13.0;5.0;0.0;7558.0;423.0
2025;ANTIOQUIA;COCORNA;5197.0;814.0;683.0;1910.0;1080.0;1990.0;475.0;3539.0;621.0;380.0;3.0;1.0;0.0;11112.0;384.0
2025;ANTIOQUIA;CONCEPCION;5206.0;890.0;704.0;1124.0;600.0;1508.0;553.0;2603.0;365.0;738.0;70.0;28.0;0.0;8347.0;836.0
2025;ANTIOQUIA;CONCORDIA;5209.0;751.0;926.0;1658.0;2800.0;1093.0;2114.0;2952.0;537.0;353.0;48.0;15.0;0.0;12831.0;416.0
2025;ANTIOQUIA;COPACABANA;5212.0;441.0;370.0;542.0;407.0;688.0;290.0;896.0;59.0;232.0;12.0;4.0;0.0;3693.0;248.0
2025;ANTIOQUIA;DABEIBA;5234.0;3558.0;3436.0;3692.0;4044.0;3298.0;2952.0;10247.0;910.0;420.0;50.0;56.0;1.0;32137.0;527.0
2025;ANTIOQUIA;DONMATIAS;5237.0;6266.0;907.0;6236.0;1581.0;6078.0;1329.0;13277.0;408.0;174.0;20.0;21.0;0.0;36082.0;215.0
2025;ANTIOQUIA;EBEJICO;5240.0;861.0;1115.0;1163.0;4488.0;1011.0;3730.0;2131.0;1930.0;350.0;28.0;36.0;2.0;16429.0;416.0
2025;ANTIOQUIA;EL BAGRE;5250.0;3152.0;3192.0;2870.0;3097.0;3246.0;574.0;10314.0;687.0;104.0;11.0;15.0;0.0;27132.0;130.0
2025;ANTIOQUIA;EL CARMEN DE VIBORAL;5148.0;2038.0;636.0;2682.0;1124.0;2661.0;404.0;5186.0;322.0;601.0;25.0;30.0;2.0;15053.0;658.0
2025;ANTIOQUIA;EL SANTUARIO;5697.0;1267.0;742.0;1443.0;585.0;2448.0;356.0;3829.0;359.0;751.0;8.0;12.0;0.0;11029.0;771.0
2025;ANTIOQUIA;ENTRERRIOS;5264.0;9523.0;386.0;7301.0;370.0;10053.0;304.0;28892.0;248.0;66.0;7.0;7.0;0.0;57077.0;80.0
2025;ANTIOQUIA;ENVIGADO;5266.0;296.0;112.0;349.0;146.0;220.0;117.0;603.0;17.0;124.0;4.0;2.0;0.0;1860.0;130.0
2025;ANTIOQUIA;FREDONIA;5282.0;2386.0;1759.0;3137.0;3572.0;3607.0;4005.0;6297.0;411.0;279.0;17.0;25.0;4.0;25174.0;325.0
2025;ANTIOQUIA;FRONTINO;5284.0;3420.0;2959.0;3372.0;3123.0;3693.0;2218.0;10501.0;787.0;231.0;21.0;24.0;1.0;30073.0;277.0
2025;ANTIOQUIA;GIRALDO;5306.0;219.0;183.0;231.0;159.0;301.0;201.0;603.0;64.0;97.0;5.0;1.0;0.0;1961.0;103.0
2025;ANTIOQUIA;GIRARDOTA;5308.0;1029.0;507.0;1195.0;729.0;1473.0;981.0;1908.0;146.0;331.0;22.0;16.0;0.0;7968.0;369.0
2025;ANTIOQUIA;GOMEZ PLATA;5310.0;1277.0;1260.0;1917.0;3465.0;2384.0;3809.0;3676.0;1156.0;127.0;5.0;8.0;0.0;18944.0;140.0
2025;ANTIOQUIA;GRANADA;5313.0;953.0;763.0;1876.0;537.0;1158.0;457.0;5075.0;326.0;629.0;13.0;36.0;2.0;11145.0;680.0
2025;ANTIOQUIA;GUADALUPE;5315.0;481.0;433.0;627.0;2106.0;686.0;1434.0;1649.0;298.0;121.0;18.0;12.0;2.0;7714.0;153.0
2025;ANTIOQUIA;GUARNE;5318.0;1197.0;467.0;1214.0;609.0;829.0;167.0;1956.0;70.0;564.0;18.0;3.0;0.0;6509.0;585.0
2025;ANTIOQUIA;GUATAPE;5321.0;117.0;99.0;195.0;125.0;280.0;95.0;632.0;124.0;103.0;11.0;9.0;0.0;1667.0;123.0
2025;ANTIOQUIA;HELICONIA;5347.0;608.0;577.0;672.0;2132.0;724.0;1558.0;1464.0;869.0;155.0;21.0;5.0;0.0;8604.0;181.0
2025;ANTIOQUIA;HISPANIA;5353.0;627.0;531.0;1064.0;506.0;1215.0;341.0;1659.0;178.0;90.0;6.0;5.0;0.0;6121.0;101.0
2025;ANTIOQUIA;ITAGUI;5360.0;58.0;40.0;98.0;95.0;63.0;29.0;78.0;14.0;25.0;2.0;0.0;0.0;475.0;27.0
2025;ANTIOQUIA;ITUANGO;5361.0;3895.0;3577.0;3760.0;5939.0;4897.0;8762.0;9124.0;1886.0;310.0;21.0;9.0;0.0;41840.0;340.0
2025;ANTIOQUIA;JARDIN;5364.0;433.0;449.0;570.0;1011.0;590.0;690.0;1076.0;320.0;92.0;10.0;16.0;1.0;5139.0;119.0
2025;ANTIOQUIA;JERICO;5368.0;1035.0;1231.0;1637.0;1928.0;2669.0;1909.0;3120.0;293.0;312.0;28.0;36.0;2.0;13822.0;378.0
2025;ANTIOQUIA;LA CEJA;5376.0;1778.0;414.0;2552.0;622.0;1993.0;391.0;3525.0;249.0;275.0;25.0;26.0;4.0;11524.0;330.0
2025;ANTIOQUIA;LA ESTRELLA;5380.0;139.0;73.0;129.0;237.0;145.0;56.0;181.0;11.0;77.0;3.0;0.0;0.0;971.0;80.0
2025;ANTIOQUIA;LA PINTADA;5390.0;184.0;148.0;785.0;1187.0;1155.0;1332.0;884.0;219.0;86.0;13.0;21.0;1.0;5894.0;121.0
2025;ANTIOQUIA;LA UNION;5400.0;3057.0;540.0;3459.0;640.0;3307.0;442.0;10750.0;213.0;308.0;0.0;0.0;0.0;22408.0;308.0
2025;ANTIOQUIA;LIBORINA;5411.0;881.0;876.0;1256.0;1474.0;681.0;513.0;2102.0;151.0;266.0;10.0;3.0;0.0;7934.0;279.0
2025;ANTIOQUIA;MACEO;5425.0;4417.0;4173.0;3846.0;8757.0;4211.0;7362.0;12201.0;1450.0;146.0;7.0;2.0;0.0;46417.0;155.0
2025;ANTIOQUIA;MARINILLA;5440.0;1491.0;747.0;2556.0;965.0;2902.0;837.0;2765.0;162.0;631.0;2.0;0.0;0.0;12425.0;633.0
2025;ANTIOQUIA;MEDELLIN;5001.0;1952.0;752.0;2356.0;1273.0;1745.0;559.0;3834.0;157.0;478.0;76.0;42.0;0.0;12628.0;596.0
2025;ANTIOQUIA;MONTEBELLO;5467.0;145.0;193.0;418.0;252.0;272.0;149.0;304.0;64.0;105.0;4.0;2.0;0.0;1797.0;111.0
2025;ANTIOQUIA;MURINDO;5475.0;0.0;0.0;16.0;11.0;8.0;86.0;267.0;28.0;149.0;0.0;0.0;0.0;416.0;149.0
2025;ANTIOQUIA;MUTATA;5480.0;7941.0;7758.0;7243.0;10098.0;7462.0;12239.0;25317.0;1725.0;430.0;9.0;30.0;3.0;79783.0;472.0
2025;ANTIOQUIA;NARIÑO;5483.0;1050.0;1067.0;1683.0;1283.0;1910.0;973.0;4037.0;479.0;138.0;12.0;4.0;0.0;12482.0;154.0
2025;ANTIOQUIA;NECHI;5495.0;3385.0;3713.0;3528.0;2985.0;5213.0;3436.0;12894.0;1148.0;497.0;22.0;16.0;0.0;36302.0;535.0
2025;ANTIOQUIA;NECOCLI;5490.0;11279.0;9599.0;14737.0;9069.0;10604.0;4895.0;37159.0;1864.0;785.0;341.0;177.0;2.0;99206.0;1305.0
2025;ANTIOQUIA;OLAYA;5501.0;289.0;409.0;551.0;793.0;460.0;260.0;886.0;137.0;149.0;10.0;6.0;0.0;3785.0;165.0
2025;ANTIOQUIA;PEQUE;5543.0;794.0;610.0;1084.0;722.0;1174.0;665.0;2183.0;191.0;401.0;57.0;28.0;0.0;7423.0;486.0
2025;ANTIOQUIA;PEÑOL;5541.0;672.0;735.0;948.0;503.0;837.0;322.0;2548.0;339.0;724.0;4.0;0.0;0.0;6904.0;728.0
2025;ANTIOQUIA;PUEBLORRICO;5576.0;223.0;198.0;475.0;346.0;634.0;389.0;754.0;90.0;170.0;6.0;5.0;0.0;3109.0;181.0
2025;ANTIOQUIA;PUERTO BERRIO;5579.0;9398.0;9015.0;10923.0;14639.0;10005.0;23061.0;26941.0;5369.0;290.0;274.0;458.0;56.0;109351.0;1078.0
2025;ANTIOQUIA;PUERTO NARE;5585.0;4918.0;4499.0;5133.0;6929.0;5798.0;6554.0;13845.0;2251.0;171.0;87.0;99.0;4.0;49927.0;361.0
2025;ANTIOQUIA;PUERTO TRIUNFO;5591.0;3956.0;3665.0;4612.0;5806.0;4525.0;7502.0;10592.0;2974.0;68.0;8.0;1.0;0.0;43632.0;77.0
2025;ANTIOQUIA;REMEDIOS;5604.0;18730.0;19814.0;18959.0;20645.0;18037.0;15319.0;55884.0;4999.0;331.0;63.0;85.0;7.0;172387.0;486.0
2025;ANTIOQUIA;RETIRO;5607.0;738.0;220.0;717.0;281.0;837.0;124.0;945.0;39.0;271.0;11.0;3.0;0.0;3901.0;285.0
2025;ANTIOQUIA;RIONEGRO;5615.0;2519.0;838.0;2724.0;945.0;2417.0;450.0;4023.0;291.0;396.0;77.0;43.0;3.0;14207.0;519.0
2025;ANTIOQUIA;SABANALARGA;5628.0;398.0;353.0;637.0;428.0;304.0;252.0;971.0;170.0;227.0;8.0;2.0;0.0;3513.0;237.0
2025;ANTIOQUIA;SABANETA;5631.0;92.0;65.0;108.0;48.0;55.0;11.0;79.0;12.0;36.0;0.0;0.0;0.0;470.0;36.0
2025;ANTIOQUIA;SALGAR;5642.0;331.0;290.0;886.0;1386.0;816.0;1241.0;1203.0;122.0;183.0;11.0;15.0;0.0;6275.0;209.0
2025;ANTIOQUIA;SAN ANDRES DE CUERQUIA;5647.0;1545.0;324.0;1624.0;747.0;1543.0;699.0;2980.0;171.0;217.0;35.0;14.0;1.0;9633.0;267.0
2025;ANTIOQUIA;SAN CARLOS;5649.0;2825.0;2818.0;3735.0;1967.0;5074.0;1015.0;9364.0;1046.0;203.0;59.0;78.0;2.0;27844.0;342.0
2025;ANTIOQUIA;SAN FRANCISCO;5652.0;442.0;528.0;785.0;607.0;1053.0;214.0;1801.0;188.0;181.0;20.0;10.0;0.0;5618.0;211.0
2025;ANTIOQUIA;SAN JERONIMO;5656.0;818.0;592.0;1244.0;847.0;872.0;322.0;1821.0;131.0;349.0;15.0;8.0;0.0;6647.0;372.0
2025;ANTIOQUIA;SAN JOSE DE LA MONTAÑA;5658.0;3575.0;219.0;2737.0;331.0;2347.0;339.0;5570.0;131.0;102.0;11.0;4.0;0.0;15249.0;117.0
2025;ANTIOQUIA;SAN JUAN DE URABA;5659.0;1565.0;1280.0;1675.0;1168.0;1122.0;2069.0;5363.0;237.0;148.0;12.0;13.0;6.0;14479.0;179.0
2025;ANTIOQUIA;SAN LUIS;5660.0;1452.0;1491.0;2469.0;2638.0;3131.0;1477.0;6623.0;1218.0;390.0;70.0;36.0;1.0;20499.0;497.0
2025;ANTIOQUIA;SAN PEDRO DE LOS MILAGROS;5664.0;13551.0;824.0;11997.0;669.0;11486.0;473.0;36461.0;287.0;1014.0;339.0;177.0;2.0;75748.0;1532.0
2025;ANTIOQUIA;SAN PEDRO DE URABA;5665.0;5955.0;6020.0;8109.0;8909.0;8213.0;9195.0;21498.0;1794.0;551.0;245.0;177.0;3.0;69693.0;976.0
2025;ANTIOQUIA;SAN RAFAEL;5667.0;1211.0;1160.0;1838.0;1169.0;2094.0;547.0;4066.0;458.0;580.0;31.0;12.0;1.0;12543.0;624.0
2025;ANTIOQUIA;SAN ROQUE;5670.0;2250.0;1955.0;2391.0;2333.0;3711.0;2774.0;6617.0;944.0;1007.0;36.0;6.0;0.0;22975.0;1049.0
2025;ANTIOQUIA;SAN VICENTE FERRER;5674.0;1002.0;933.0;1320.0;1088.0;766.0;525.0;2965.0;403.0;471.0;37.0;22.0;0.0;9002.0;530.0
2025;ANTIOQUIA;SANTA BARBARA;5679.0;1022.0;925.0;2063.0;2302.0;2173.0;1598.0;2166.0;305.0;426.0;36.0;12.0;0.0;12554.0;474.0
2025;ANTIOQUIA;SANTAFE DE ANTIOQUIA;5042.0;1785.0;1574.0;2048.0;1511.0;2552.0;936.0;5447.0;567.0;494.0;36.0;17.0;1.0;16420.0;548.0
2025;ANTIOQUIA;SANTA ROSA DE OSOS;5686.0;28189.0;2425.0;23861.0;3021.0;28941.0;2181.0;69816.0;955.0;572.0;115.0;62.0;0.0;159389.0;749.0
2025;ANTIOQUIA;SANTO DOMINGO;5690.0;1715.0;1435.0;2637.0;1622.0;2784.0;991.0;5240.0;492.0;539.0;57.0;28.0;0.0;16916.0;624.0
2025;ANTIOQUIA;SEGOVIA;5736.0;6023.0;6261.0;5872.0;5882.0;6521.0;3809.0;19882.0;1421.0;765.0;94.0;36.0;0.0;55671.0;895.0
2025;ANTIOQUIA;SONSON;5756.0;5953.0;5031.0;6432.0;7060.0;5711.0;7550.0;19733.0;2563.0;126.0;14.0;12.0;0.0;60033.0;152.0
2025;ANTIOQUIA;SOPETRAN;5761.0;1509.0;1143.0;1467.0;1081.0;1639.0;753.0;3300.0;429.0;333.0;47.0;19.0;0.0;11321.0;399.0
2025;ANTIOQUIA;TAMESIS;5789.0;1259.0;1075.0;2595.0;2925.0;1799.0;2180.0;2820.0;287.0;383.0;49.0;39.0;2.0;14940.0;473.0
2025;ANTIOQUIA;TARAZA;5790.0;3750.0;3883.0;5671.0;3113.0;5429.0;2670.0;13548.0;1022.0;204.0;40.0;13.0;0.0;39086.0;257.0
2025;ANTIOQUIA;TARSO;5792.0;297.0;279.0;1846.0;932.0;2956.0;1572.0;1057.0;62.0;197.0;17.0;3.0;0.0;9001.0;217.0
2025;ANTIOQUIA;TITIRIBI;5809.0;694.0;766.0;1589.0;2218.0;1743.0;1329.0;1868.0;329.0;473.0;42.0;21.0;0.0;10536.0;536.0
2025;ANTIOQUIA;TOLEDO;5819.0;416.0;268.0;277.0;162.0;331.0;272.0;963.0;266.0;70.0;10.0;4.0;0.0;2955.0;84.0
2025;ANTIOQUIA;TURBO;5837.0;19553.0;18553.0;20816.0;22542.0;18137.0;16551.0;60507.0;3634.0;227.0;22.0;11.0;0.0;180293.0;260.0
2025;ANTIOQUIA;URAMITA;5842.0;1219.0;1122.0;1272.0;1192.0;1206.0;953.0;3468.0;315.0;382.0;22.0;22.0;6.0;10747.0;432.0
2025;ANTIOQUIA;URRAO;5847.0;2552.0;2398.0;2485.0;4220.0;3270.0;6612.0;8353.0;2325.0;295.0;47.0;19.0;0.0;32215.0;361.0
2025;ANTIOQUIA;VALDIVIA;5854.0;3288.0;3121.0;3618.0;2915.0;4379.0;2221.0;8024.0;862.0;261.0;24.0;14.0;1.0;28428.0;300.0
2025;ANTIOQUIA;VALPARAISO;5856.0;373.0;375.0;927.0;2367.0;778.0;4159.0;1025.0;790.0;232.0;25.0;8.0;0.0;10794.0;265.0
2025;ANTIOQUIA;VEGACHI;5858.0;4145.0;4187.0;3788.0;3732.0;3738.0;2249.0;11273.0;1200.0;258.0;18.0;6.0;0.0;34312.0;282.0
2025;ANTIOQUIA;VENECIA;5861.0;641.0;543.0;2303.0;2196.0;1722.0;2251.0;1790.0;128.0;126.0;9.0;2.0;0.0;11574.0;137.0
2025;ANTIOQUIA;VIGIA DEL FUERTE;5873.0;0.0;0.0;0.0;0.0;81.0;120.0;161.0;42.0;362.0;0.0;0.0;0.0;404.0;362.0
2025;ANTIOQUIA;YALI;5885.0;4146.0;4434.0;3439.0;2712.0;3401.0;2098.0;11717.0;882.0;499.0;119.0;50.0;1.0;32829.0;669.0
2025;ANTIOQUIA;YARUMAL;5887.0;10229.0;2678.0;9950.0;3253.0;8285.0;3023.0;24289.0;1267.0;181.0;10.0;6.0;0.0;62974.0;197.0
2025;ANTIOQUIA;YOLOMBO;5890.0;4770.0;4614.0;5530.0;6601.0;6801.0;4973.0;13048.0;1083.0;296.0;16.0;8.0;0.0;47420.0;320.0
2025;ANTIOQUIA;YONDO;5893.0;11305.0;13216.0;10218.0;19599.0;11709.0;21286.0;30839.0;8571.0;560.0;140.0;57.0;1.0;126743.0;758.0
2025;ANTIOQUIA;ZARAGOZA;5895.0;3570.0;3506.0;3650.0;1661.0;3452.0;355.0;10856.0;411.0;93.0;5.0;1.0;0.0;27461.0;99.0
