AÑO;DEPARTAMENTO;MUNICIPIO;CODIGO_MUNICIPIO;TOTAL_AVES_CAP_INSTALADA_ENGORDE;TOTAL_AVES_CAP_OCUPADA_ENGORDE;NUM_DE_PREDIOS_ENGORDE;TOTAL_AVES_CAP_INSTALADA_LEVANTE;TOTAL_AVES_CAP_OCUPADA_LEVANTE;NUM_DE_PREDIOS_LEVANTE;TOTAL_AVES_CAP_INSTALADA_POSTURA;TOTAL_AVES_CAP_OCUPADA_POSTURA;NUM_DE_PREDIOS_POSTURA;TOTAL_AVES_CAP_INSTALADA_MATERIAL_GENÉTICO_O_REPRODUCTORAS;TOTAL_AVES_CAP_OCUPADA_MATERIAL_GENÉTICO_O_REPRODUCTORAS;NUM_DE_PREDIOS_MATERIAL_GENÉTICO_O_REPRODUCTORAS;TOTAL_AVES_CAP_INSTALADA;TOTAL_AVES_CAP_OCUPADA;TOTAL_PREDIOS_AVICOLAS;TOTAL_AVES_TRASPATIO;TOTAL_PREDIOS_AVES_TRASPATIO;TOTAL_AVES;TOTAL_PREDIOS_AVICOLAS
2018;ANTIOQUIA;ABEJORRAL;;0;0;0;0;0;0.0;0;0;0;0;0;0;;0.0;0;386.0;15;386.0;15
2018;ANTIOQUIA;ABRIAQUI;;0;0;0;0;0;0.0;0;0;0;0;0;0;;0.0;0;586.0;35;586.0;35
2018;ANTIOQUIA;ALEJANDRIA;;0;0;0;0;0;0.0;0;0;0;0;0;0;;0.0;0;330.0;50;330.0;50
2018;ANTIOQUIA;AMAGA;;915000;895000;16;32000;27800;1.0;12000;11800;1;0;0;0;;934600.0;18;470.0;75;935070.0;93
2018;ANTIOQUIA;AMALFI;;0;0;0;0;0;0.0;7500;7200;2;0;0;0;;7200.0;2;661.0;125;7861.0;127
2018;ANTIOQUIA;ANDES;;0;0;0;0;0;0.0;40000;36000;1;0;0;0;;36000.0;1;1671.0;865;37671.0;866
2018;ANTIOQUIA;ANGELOPOLIS;;0;0;0;0;0;0.0;5000;0;2;0;0;0;;0.0;2;701.0;436;701.0;438
2018;ANTIOQUIA;ANGOSTURA;;0;0;0;0;0;0.0;0;0;0;0;0;0;;0.0;0;1915.0;1268;1915.0;1268
2018;ANTIOQUIA;ANORI;;0;0;0;0;0;0.0;0;0;0;0;0;0;;0.0;0;378.0;53;378.0;53
2018;ANTIOQUIA;ANZA;;0;0;0;0;0;0.0;2000;1500;1;0;0;0;;1500.0;1;272.0;156;1772.0;157
2018;ANTIOQUIA;APARTADO;;0;0;0;0;0;0.0;0;0;0;0;0;0;;0.0;0;9835.0;5362;9835.0;5362
2018;ANTIOQUIA;ARBOLETES;;0;0;0;0;0;0.0;500;450;1;0;0;0;;450.0;1;2712.0;1632;3162.0;1633
2018;ANTIOQUIA;ARGELIA;;0;0;0;0;0;0.0;0;0;0;0;0;0;;0.0;0;382.0;205;382.0;205
2018;ANTIOQUIA;ARMENIA;;0;0;0;0;0;0.0;4300;4215;2;0;0;0;;4215.0;2;1335.0;854;5550.0;856
2018;ANTIOQUIA;BARBOSA;;950341;855000;14;15000;12430;1.0;24000;21500;3;125000;89050;3;;977980.0;21;12684.0;9324;990664.0;9345
2018;ANTIOQUIA;BELLO;;0;0;0;45000;25000;2.0;129700;115200;9;0;0;0;;140200.0;11;8816.0;7456;149016.0;7467
2018;ANTIOQUIA;BELMIRA;;0;0;0;0;0;0.0;60000;57000;1;0;0;0;;57000.0;1;560.0;324;57560.0;325
2018;ANTIOQUIA;BETANIA;;0;0;0;0;0;0.0;0;0;0;0;0;0;;0.0;0;635.0;489;635.0;489
2018;ANTIOQUIA;BETULIA;;0;0;0;0;0;0.0;0;0;0;0;0;0;;0.0;0;763.0;631;763.0;631
2018;ANTIOQUIA;BRICEÑO;;0;0;0;0;0;0.0;0;0;0;0;0;0;;0.0;0;329.0;264;329.0;264
2018;ANTIOQUIA;BURITICA;;0;0;0;0;0;0.0;0;0;0;0;0;0;;0.0;0;962.0;764;962.0;764
2018;ANTIOQUIA;CACERES;;0;0;0;0;0;0.0;0;0;0;0;0;0;;0.0;0;2468.0;1742;2468.0;1742
2018;ANTIOQUIA;CAICEDO;;0;0;0;0;0;0.0;0;0;0;0;0;0;;0.0;0;268.0;234;268.0;234
2018;ANTIOQUIA;CALDAS;;963200;950325;16;12000;0;1.0;2000;1400;1;0;0;0;;951725.0;18;1671.0;1384;953396.0;1402
2018;ANTIOQUIA;CAMPAMENTO;;0;0;0;0;0;0.0;0;0;0;0;0;0;;0.0;0;664.0;524;664.0;524
2018;ANTIOQUIA;CAÑASGORDAS;;0;0;0;0;0;0.0;0;0;0;0;0;0;;0.0;0;2354.0;1756;2354.0;1756
2018;ANTIOQUIA;CARACOLI;;0;0;0;0;0;0.0;0;0;0;0;0;0;;0.0;0;878.0;625;878.0;625
2018;ANTIOQUIA;CARAMANTA;;0;0;0;0;0;0.0;0;0;0;0;0;0;;0.0;0;371.0;249;371.0;249
2018;ANTIOQUIA;CAREPA;;0;0;0;0;0;0.0;147000;135000;1;0;0;0;;135000.0;1;972.0;745;135972.0;746
2018;ANTIOQUIA;CAROLINA;;0;0;0;0;0;0.0;0;0;0;0;0;0;;0.0;0;369.0;294;369.0;294
2018;ANTIOQUIA;CAUCASIA;;0;0;0;0;0;0.0;670;456;2;0;0;0;;456.0;2;1482.0;1253;1938.0;1255
2018;ANTIOQUIA;CHIGORODO;;0;0;0;0;0;0.0;62500;33500;2;0;0;0;;33500.0;2;6662.0;4921;40162.0;4923
2018;ANTIOQUIA;CISNEROS;;0;0;0;0;0;0.0;0;0;0;0;0;0;;0.0;0;769.0;685;769.0;685
2018;ANTIOQUIA;CIUDAD BOLIVAR;;1400;1200;1;0;0;0.0;16000;15300;1;0;0;0;;16500.0;2;668.0;548;17168.0;550
2018;ANTIOQUIA;COCORNA;;4000;0;1;3500;0;1.0;4500;3500;2;0;0;0;;3500.0;4;2608.0;2145;6108.0;2149
2018;ANTIOQUIA;CONCEPCION;;94000;93500;2;0;0;0.0;0;0;0;0;0;0;;93500.0;2;1001.0;684;94501.0;686
2018;ANTIOQUIA;CONCORDIA;;0;0;0;0;0;0.0;0;0;0;0;0;0;;0.0;0;1471.0;964;1471.0;964
2018;ANTIOQUIA;COPACABANA;;36400;35600;5;0;0;0.0;44500;18400;4;0;0;0;;54000.0;9;2708.0;1964;56708.0;1973
2018;ANTIOQUIA;DABEIBA;;0;0;0;0;0;0.0;0;0;0;0;0;0;;0.0;0;2512.0;2201;2512.0;2201
2018;ANTIOQUIA;DONMATIAS;;898000;850000;13;0;0;0.0;1500;325;1;0;0;0;;850325.0;14;3289.0;2875;853614.0;2889
2018;ANTIOQUIA;EBEJICO;;0;0;0;0;0;0.0;0;0;0;0;0;0;;0.0;0;375.0;197;375.0;197
2018;ANTIOQUIA;EL BAGRE;;2500;1500;1;0;0;0.0;0;0;0;0;0;0;;1500.0;1;3690.0;2876;5190.0;2877
2018;ANTIOQUIA;EL CARMEN DE VIBORAL;;0;0;0;0;0;0.0;1615620;1525000;6;0;0;0;;1525000.0;6;3698.0;2862;1528698.0;2868
2018;ANTIOQUIA;EL SANTUARIO;;426;325;1;69500;65000;2.0;295100;285230;5;0;0;0;;350555.0;8;983.0;762;351538.0;770
2018;ANTIOQUIA;ENTRERRIOS;;0;0;0;0;0;0.0;45000;22000;2;0;0;0;;22000.0;2;1226.0;965;23226.0;967
2018;ANTIOQUIA;ENVIGADO;;0;0;0;0;0;0.0;0;0;0;0;0;0;;0.0;0;635.0;421;635.0;421
2018;ANTIOQUIA;FREDONIA;;5000;3360;1;0;0;0.0;75000;73250;1;0;0;0;;76610.0;2;1665.0;962;78275.0;964
2018;ANTIOQUIA;FRONTINO;;0;0;0;0;0;0.0;281000;275300;5;0;0;0;;275300.0;5;893.0;652;276193.0;657
2018;ANTIOQUIA;GIRALDO;;0;0;0;0;0;0.0;0;0;0;0;0;0;;0.0;0;376.0;167;376.0;167
2018;ANTIOQUIA;GIRARDOTA;;662000;564800;17;0;0;0.0;11700;6520;2;0;0;0;;571320.0;19;3735.0;2833;575055.0;2852
2018;ANTIOQUIA;GOMEZ PLATA;;0;0;0;0;0;0.0;5200;2500;2;0;0;0;;2500.0;2;691.0;425;3191.0;427
2018;ANTIOQUIA;GRANADA;;0;0;0;0;0;0.0;0;0;0;0;0;0;;0.0;0;362.0;29;362.0;29
2018;ANTIOQUIA;GUADALUPE;;0;0;0;0;0;0.0;0;0;0;0;0;0;;0.0;0;274.0;53;274.0;53
2018;ANTIOQUIA;GUARNE;;1200;950;2;13000;8560;2.0;110060;105234;5;5600;0;1;;114744.0;10;1332.0;856;116076.0;866
2018;ANTIOQUIA;GUATAPE;;0;0;0;0;0;0.0;0;0;0;0;0;0;;0.0;0;1656.0;256;1656.0;256
2018;ANTIOQUIA;HELICONIA;;0;0;0;0;0;0.0;0;0;0;0;0;0;;0.0;0;2394.0;327;2394.0;327
2018;ANTIOQUIA;HISPANIA;;0;0;0;0;0;0.0;682;325;1;95000;95000;1;;95325.0;2;1687.0;265;97012.0;267
2018;ANTIOQUIA;ITAGUI;;0;0;0;0;0;0.0;0;0;0;0;0;0;;0.0;0;497.0;59;497.0;59
2018;ANTIOQUIA;ITUANGO;;0;0;0;0;0;0.0;0;0;0;0;0;0;;0.0;0;2398.0;362;2398.0;362
2018;ANTIOQUIA;JARDIN;;450;250;1;0;0;0.0;8100;0;3;0;0;0;;250.0;4;3730.0;426;3980.0;430
2018;ANTIOQUIA;JERICO;;0;0;0;0;0;0.0;3600;2500;1;0;0;0;;2500.0;1;981.0;125;3481.0;126
2018;ANTIOQUIA;LA CEJA;;0;0;0;0;0;0.0;225000;215600;7;0;0;0;;215600.0;7;3678.0;115;219278.0;122
2018;ANTIOQUIA;LA ESTRELLA;;95000;93000;2;0;0;0.0;25000;15000;3;10000;7800;1;;115800.0;6;1278.0;295;117078.0;301
2018;ANTIOQUIA;LA PINTADA;;0;0;0;0;0;0.0;0;0;0;0;0;0;;0.0;0;2956.0;425;2956.0;425
2018;ANTIOQUIA;LA UNION;;0;0;0;55000;52000;1.0;15000;13560;2;0;0;0;;65560.0;3;1678.0;234;67238.0;237
2018;ANTIOQUIA;LIBORINA;;0;0;0;0;0;0.0;0;0;0;0;0;0;;0.0;0;373.0;34;373.0;34
2018;ANTIOQUIA;MACEO;;0;0;0;0;0;0.0;0;0;0;0;0;0;;0.0;0;268.0;24;268.0;24
2018;ANTIOQUIA;MARINILLA;;0;0;0;0;0;0.0;238928;195360;9;0;0;0;;195360.0;9;3551.0;431;198911.0;440
2018;ANTIOQUIA;MEDELLIN;;850000;820000;16;12000;9500;2.0;76700;74525;6;0;0;0;;904025.0;24;7798.0;965;911823.0;989
2018;ANTIOQUIA;MONTEBELLO;;0;0;0;0;0;0.0;0;0;0;0;0;0;;0.0;0;1103.0;67;1103.0;67
2018;ANTIOQUIA;MURINDO;;0;0;0;0;0;0.0;0;0;0;0;0;0;;0.0;0;1500.0;94;1500.0;94
2018;ANTIOQUIA;MUTATA;;0;0;0;0;0;0.0;0;0;0;0;0;0;;0.0;0;3301.0;433;3301.0;433
2018;ANTIOQUIA;NARIÑO;;0;0;0;0;0;0.0;0;0;0;0;0;0;;0.0;0;175.0;59;175.0;59
2018;ANTIOQUIA;NECHI;;0;0;0;0;0;0.0;0;0;0;0;0;0;;0.0;0;972.0;125;972.0;125
2018;ANTIOQUIA;NECOCLI;;0;0;0;0;0;0.0;0;0;0;0;0;0;;0.0;0;2694.0;362;2694.0;362
2018;ANTIOQUIA;OLAYA;;0;0;0;0;0;0.0;0;0;0;0;0;0;;0.0;0;373.0;48;373.0;48
2018;ANTIOQUIA;PEÑOL;;45000;42000;3;0;0;0.0;0;0;0;0;0;0;;42000.0;3;3318.0;564;45318.0;567
2018;ANTIOQUIA;PEQUE;;0;0;0;0;0;0.0;1500;1300;2;0;0;0;;1300.0;2;978.0;127;2278.0;129
2018;ANTIOQUIA;PUEBLORRICO;;0;0;0;0;0;0.0;0;0;0;0;0;0;;0.0;0;982.0;452;982.0;452
2018;ANTIOQUIA;PUERTO BERRIO;;0;0;0;0;0;0.0;0;0;0;0;0;0;;0.0;0;1293.0;362;1293.0;362
2018;ANTIOQUIA;PUERTO NARE;;0;0;0;0;0;0.0;0;0;0;0;0;0;;0.0;0;2398.0;624;2398.0;624
2018;ANTIOQUIA;PUERTO TRIUNFO;;0;0;0;0;0;0.0;0;0;0;0;0;0;;0.0;0;1598.0;564;1598.0;564
2018;ANTIOQUIA;REMEDIOS;;0;0;0;0;0;0.0;5000;0;1;0;0;0;;0.0;1;702.0;238;702.0;239
2018;ANTIOQUIA;RETIRO;;0;0;0;85000;82000;3.0;150000;146215;1;0;0;0;;228215.0;4;1286.0;563;229501.0;567
2018;ANTIOQUIA;RIONEGRO;;6400;5500;1;380000;285000;2.0;425200;405600;5;0;0;0;;696100.0;8;2593.0;687;698693.0;695
2018;ANTIOQUIA;SABANALARGA;;0;0;0;0;0;0.0;0;0;0;0;0;0;;0.0;0;667.0;215;667.0;215
2018;ANTIOQUIA;SABANETA;;260000;255000;3;0;0;0.0;56000;0;1;0;0;0;;255000.0;4;1703.0;785;256703.0;789
2018;ANTIOQUIA;SALGAR;;0;0;0;0;0;0.0;0;0;0;0;0;0;;0.0;0;2387.0;687;2387.0;687
2018;ANTIOQUIA;SAN ANDRES DE CUERQUIA;;0;0;0;0;0;0.0;0;0;0;0;0;0;;0.0;0;374.0;28;374.0;28
2018;ANTIOQUIA;SAN CARLOS;;0;0;0;0;0;0.0;0;0;0;0;0;0;;0.0;0;1286.0;563;1286.0;563
2018;ANTIOQUIA;SAN FRANCISCO;;0;0;0;0;0;0.0;0;0;0;0;0;0;;0.0;0;984.0;486;984.0;486
2018;ANTIOQUIA;SAN JERONIMO;;0;0;0;0;0;0.0;0;0;0;0;0;0;;0.0;0;1596.0;452;1596.0;452
2018;ANTIOQUIA;SAN JOSE DE LA MONTAÑA;;0;0;0;0;0;0.0;0;0;0;0;0;0;;0.0;0;697.0;186;697.0;186
2018;ANTIOQUIA;SAN JUAN DE URABA;;0;0;0;0;0;0.0;0;0;0;0;0;0;;0.0;0;371.0;58;371.0;58
2018;ANTIOQUIA;SAN LUIS;;0;0;0;0;0;0.0;0;0;0;0;0;0;;0.0;0;664.0;257;664.0;257
2018;ANTIOQUIA;SAN PEDRO DE LOS MILAGROS;;0;0;0;8000;7500;1.0;180000;165000;2;0;0;0;;172500.0;3;1259.0;486;173759.0;489
2018;ANTIOQUIA;SAN PEDRO DE URABA;;0;0;0;0;0;0.0;0;0;0;0;0;0;;0.0;0;40820.0;1181;40820.0;1181
2018;ANTIOQUIA;SAN RAFAEL;;0;0;0;0;0;0.0;0;0;0;0;0;0;;0.0;0;1390.0;624;1390.0;624
2018;ANTIOQUIA;SAN ROQUE;;0;0;0;0;0;0.0;2200;1750;1;0;0;0;;1750.0;1;985.0;367;2735.0;368
2018;ANTIOQUIA;SAN VICENTE FERRER;;0;0;0;0;0;0.0;38000;36052;2;0;0;0;;36052.0;2;712.0;208;36764.0;210
2018;ANTIOQUIA;SANTA BARBARA;;0;0;0;0;0;0.0;15000;13500;2;0;0;0;;13500.0;2;1659.0;458;15159.0;460
2018;ANTIOQUIA;SANTA FE DE ANTIOQUIA;;0;0;0;30000;25000;1.0;128000;56000;2;0;0;0;;81000.0;3;4435.0;1258;85435.0;1261
2018;ANTIOQUIA;SANTA ROSA DE OSOS;;500680;495000;4;0;0;0.0;2200;1950;1;0;0;0;;496950.0;5;3756.0;567;500706.0;572
2018;ANTIOQUIA;SANTO DOMINGO;;326500;310000;2;0;0;0.0;0;0;0;0;0;0;;310000.0;2;1304.0;890;311304.0;892
2018;ANTIOQUIA;SEGOVIA;;0;0;0;0;0;0.0;1500;1200;1;0;0;0;;1200.0;1;705.0;362;1905.0;363
2018;ANTIOQUIA;SONSON;;0;0;0;0;0;0.0;0;0;0;0;0;0;;0.0;0;2423.0;452;2423.0;452
2018;ANTIOQUIA;SOPETRAN;;0;0;0;0;0;0.0;1300;1200;1;0;0;0;;1200.0;1;3750.0;694;4950.0;695
2018;ANTIOQUIA;TAMESIS;;0;0;0;0;0;0.0;27715;15600;4;0;0;0;;15600.0;4;2716.0;567;18316.0;571
2018;ANTIOQUIA;TARAZA;;0;0;0;0;0;0.0;0;0;0;0;0;0;;0.0;0;1705.0;489;1705.0;489
2018;ANTIOQUIA;TARSO;;0;0;0;0;0;0.0;0;0;0;0;0;0;;0.0;0;983.0;189;983.0;189
2018;ANTIOQUIA;TITIRIBI;;250000;242000;1;0;0;0.0;0;0;0;0;0;0;;242000.0;1;883.0;365;242883.0;366
2018;ANTIOQUIA;TOLEDO;;0;0;0;0;0;0.0;0;0;0;0;0;0;;0.0;0;668.0;367;668.0;367
2018;ANTIOQUIA;TURBO;;0;0;0;0;0;0.0;7800;6420;2;0;0;0;;6420.0;2;1532.0;468;7952.0;470
2018;ANTIOQUIA;URAMITA;;0;0;0;0;0;0.0;0;0;0;0;0;0;;0.0;0;373.0;86;373.0;86
2018;ANTIOQUIA;URRAO;;800;520;1;0;0;0.0;6400;2600;5;0;0;0;;3120.0;6;698.0;237;3818.0;243
2018;ANTIOQUIA;VALDIVIA;;0;0;0;0;0;0.0;0;0;0;0;0;0;;0.0;0;2402.0;458;2402.0;458
2018;ANTIOQUIA;VALPARAISO;;0;0;0;0;0;0.0;0;0;0;0;0;0;;0.0;0;333.0;68;333.0;68
2018;ANTIOQUIA;VEGACHI;;0;0;0;0;0;0.0;1000;852;1;0;0;0;;852.0;1;702.0;128;1554.0;129
2018;ANTIOQUIA;VENECIA;;0;0;0;0;0;0.0;35000;26000;2;0;0;0;;26000.0;2;3708.0;654;29708.0;656
2018;ANTIOQUIA;VIGIA DEL FUERTE;;0;0;0;0;0;0.0;0;0;0;0;0;0;;0.0;0;650.0;15;650.0;15
2018;ANTIOQUIA;YALI;;0;0;0;0;0;0.0;0;0;0;0;0;0;;0.0;0;1052.0;627;1052.0;627
2018;ANTIOQUIA;YARUMAL;;0;0;0;0;0;0.0;1700;1360;1;0;0;0;;1360.0;1;2716.0;652;4076.0;653
2018;ANTIOQUIA;YOLOMBO;;265000;235000;2;0;0;0.0;1000;0;1;0;0;0;;235000.0;3;476.0;315;235476.0;318
2018;ANTIOQUIA;YONDO;;0;0;0;0;0;0.0;0;0;0;0;0;0;;0.0;0;695.0;257;695.0;257
2018;ANTIOQUIA;ZARAGOZA;;2316;859;3;0;0;0.0;0;0;0;0;0;0;;859.0;3;884.0;324;1743.0;327
2022;ANTIOQUIA;ABEJORRAL;5002.0;0;0;0;0;0;0.0;0;0;0;0;0;0;0.0;0.0;0;554.0;23;554.0;23
2022;ANTIOQUIA;ABRIAQUI;5004.0;0;0;0;0;0;0.0;0;0;0;0;0;0;0.0;0.0;0;838.0;41;838.0;41
2022;ANTIOQUIA;ALEJANDRIA;5021.0;0;0;0;0;0;0.0;0;0;0;0;0;0;0.0;0.0;0;454.0;68;454.0;68
2022;ANTIOQUIA;AMAGA;5030.0;662400;627630;6;12000;6000;1.0;40000;25000;2;0;0;0;714400.0;658630.0;9;580.0;85;659210.0;94
2022;ANTIOQUIA;AMALFI;5031.0;0;0;0;0;0;0.0;14200;11390;4;0;0;0;14200.0;11390.0;4;901.0;148;12291.0;152
2022;ANTIOQUIA;ANDES;5034.0;0;0;0;0;0;0.0;44000;41000;1;0;0;0;44000.0;41000.0;1;2401.0;905;43401.0;906
2022;ANTIOQUIA;ANGELOPOLIS;5036.0;0;0;0;0;0;0.0;0;0;0;0;0;0;0.0;0.0;0;852.0;415;852.0;415
2022;ANTIOQUIA;ANGOSTURA;5038.0;0;0;0;0;0;0.0;0;0;0;0;0;0;0.0;0.0;0;2534.0;1274;2534.0;1274
2022;ANTIOQUIA;ANORI;5040.0;0;0;0;0;0;0.0;0;0;0;0;0;0;0.0;0.0;0;545.0;71;545.0;71
2022;ANTIOQUIA;ANZA;5044.0;0;0;0;0;0;0.0;0;0;0;0;0;0;0.0;0.0;0;386.0;152;386.0;152
2022;ANTIOQUIA;APARTADO;5045.0;0;0;0;0;0;0.0;0;0;0;0;0;0;0.0;0.0;0;14309.0;5112;14309.0;5112
2022;ANTIOQUIA;ARBOLETES;5051.0;0;0;0;0;0;0.0;500;390;0;0;0;0;500.0;390.0;0;3697.0;1634;4087.0;1634
2022;ANTIOQUIA;ARGELIA;5055.0;0;0;0;0;0;0.0;0;0;0;0;0;0;0.0;0.0;0;501.0;217;501.0;217
2022;ANTIOQUIA;ARMENIA;5059.0;0;0;0;0;0;0.0;0;0;0;0;0;0;0.0;0.0;0;1682.0;885;1682.0;885
2022;ANTIOQUIA;BARBOSA;5079.0;696000;662000;10;32000;28000;1.0;6000;4000;1;95300;78500;3;829300.0;772500.0;15;15100.0;9342;787600.0;9357
2022;ANTIOQUIA;BELLO;5088.0;325000;315000;1;62000;53000;3.0;117000;62000;4;0;0;0;504000.0;430000.0;8;9300.0;7457;439300.0;7465
2022;ANTIOQUIA;BELMIRA;5086.0;0;0;0;0;0;0.0;130000;120000;1;0;0;0;130000.0;120000.0;1;565.0;295;120565.0;296
2022;ANTIOQUIA;BETANIA;5091.0;0;0;0;0;0;0.0;0;0;0;0;0;0;0.0;0.0;0;815.0;492;815.0;492
2022;ANTIOQUIA;BETULIA;5093.0;0;0;0;0;0;0.0;0;0;0;0;0;0;0.0;0.0;0;865.0;645;865.0;645
2022;ANTIOQUIA;BRICEÑO;5107.0;0;0;0;0;0;0.0;0;0;0;0;0;0;0.0;0.0;0;461.0;274;461.0;274
2022;ANTIOQUIA;BURITICA;5113.0;0;0;0;0;0;0.0;0;0;0;0;0;0;0.0;0.0;0;1358.0;802;1358.0;802
2022;ANTIOQUIA;CACERES;5120.0;0;0;0;0;0;0.0;0;0;0;0;0;0;0.0;0.0;0;3084.0;1754;3084.0;1754
2022;ANTIOQUIA;CAICEDO;5125.0;0;0;0;0;0;0.0;0;0;0;0;0;0;0.0;0.0;0;366.0;265;366.0;265
2022;ANTIOQUIA;CALDAS;5129.0;802000;767000;11;0;0;0.0;9500;6900;2;0;0;0;811500.0;773900.0;13;2203.0;1401;776103.0;1414
2022;ANTIOQUIA;CAMPAMENTO;5134.0;0;0;0;0;0;0.0;0;0;0;0;0;0;0.0;0.0;0;876.0;531;876.0;531
2022;ANTIOQUIA;CARACOLI;5142.0;0;0;0;0;0;0.0;0;0;0;0;0;0;0.0;0.0;0;1152.0;636;1152.0;636
2022;ANTIOQUIA;CARAMANTA;5145.0;0;0;0;0;0;0.0;0;0;0;0;0;0;0.0;0.0;0;528.0;255;528.0;255
2022;ANTIOQUIA;CAREPA;5147.0;0;0;0;0;0;0.0;225000;147000;1;0;0;0;225000.0;147000.0;1;1387.0;811;148387.0;812
2022;ANTIOQUIA;CAROLINA;5150.0;0;0;0;0;0;0.0;0;0;0;0;0;0;0.0;0.0;0;365.0;275;365.0;275
2022;ANTIOQUIA;CAUCASIA;5154.0;0;0;0;0;0;0.0;0;0;0;0;0;0;0.0;0.0;0;1585.0;1100;1585.0;1100
2022;ANTIOQUIA;CAÑASGORDAS;5138.0;0;0;0;0;0;0.0;0;0;0;0;0;0;0.0;0.0;0;3270.0;1759;3270.0;1759
2022;ANTIOQUIA;CHIGORODO;5172.0;0;0;0;0;0;0.0;123000;123000;1;0;0;0;123000.0;123000.0;1;8180.0;4931;131180.0;4932
2022;ANTIOQUIA;CISNEROS;5190.0;0;0;0;0;0;0.0;0;0;0;0;0;0;0.0;0.0;0;953.0;691;953.0;691
2022;ANTIOQUIA;CIUDAD BOLIVAR;5101.0;0;0;0;0;0;0.0;16000;14000;1;0;0;0;16000.0;14000.0;1;1646.0;586;15646.0;587
2022;ANTIOQUIA;COCORNA;5197.0;0;0;0;0;0;0.0;2500;1000;1;0;0;0;2500.0;1000.0;1;3667.0;2148;4667.0;2149
2022;ANTIOQUIA;CONCEPCION;5206.0;159000;127400;2;0;0;0.0;0;0;0;0;0;0;159000.0;127400.0;2;1353.0;686;128753.0;688
2022;ANTIOQUIA;CONCORDIA;5209.0;0;0;0;0;0;0.0;7000;6000;1;0;0;0;7000.0;6000.0;1;1991.0;968;7991.0;969
2022;ANTIOQUIA;COPACABANA;5212.0;23000;22440;1;0;0;0.0;3500;2400;1;0;0;0;26500.0;24840.0;2;3723.0;1986;28563.0;1988
2022;ANTIOQUIA;DABEIBA;5234.0;0;0;0;0;0;0.0;0;0;0;0;0;0;0.0;0.0;0;3535.0;2220;3535.0;2220
2022;ANTIOQUIA;DONMATIAS;5237.0;862500;654052;9;0;0;0.0;34000;20000;1;0;0;0;896500.0;674052.0;10;4369.0;2876;678421.0;2886
2022;ANTIOQUIA;EBEJICO;5240.0;0;0;0;0;0;0.0;0;0;0;0;0;0;0.0;0.0;0;530.0;199;530.0;199
2022;ANTIOQUIA;EL BAGRE;5250.0;0;0;0;0;0;0.0;0;0;0;0;0;0;0.0;0.0;0;5119.0;2900;5119.0;2900
2022;ANTIOQUIA;EL CARMEN DE VIBORAL;5148.0;0;0;0;0;0;0.0;1591615;1284900;2;0;0;0;1591615.0;1284900.0;2;3866.0;2500;1288766.0;2502
2022;ANTIOQUIA;EL SANTUARIO;5697.0;0;0;0;134000;67700;2.0;509125;315828;5;0;0;0;643125.0;383528.0;7;1567.0;770;385095.0;777
2022;ANTIOQUIA;ENTRERRIOS;5264.0;0;0;0;0;0;0.0;0;0;0;0;0;0;0.0;0.0;0;1345.0;967;1345.0;967
2022;ANTIOQUIA;ENVIGADO;5266.0;0;0;0;0;0;0.0;0;0;0;0;0;0;0.0;0.0;0;638.0;495;638.0;495
2022;ANTIOQUIA;FREDONIA;5282.0;0;0;0;0;0;0.0;75000;70321;1;0;0;0;75000.0;70321.0;1;2167.0;971;72488.0;972
2022;ANTIOQUIA;FRONTINO;5284.0;0;0;0;0;0;0.0;374000;232317;3;0;0;0;374000.0;232317.0;3;1193.0;656;233510.0;659
2022;ANTIOQUIA;GIRALDO;5306.0;0;0;0;0;0;0.0;0;0;0;0;0;0;0.0;0.0;0;497.0;184;497.0;184
2022;ANTIOQUIA;GIRARDOTA;5308.0;556000;549000;11;0;0;0.0;0;0;0;0;0;0;556000.0;549000.0;11;4820.0;2862;553820.0;2873
2022;ANTIOQUIA;GOMEZ PLATA;5310.0;0;0;0;0;0;0.0;20000;7500;1;0;0;0;20000.0;7500.0;1;803.0;434;8303.0;435
2022;ANTIOQUIA;GRANADA;5313.0;0;0;0;0;0;0.0;0;0;0;0;0;0;0.0;0.0;0;593.0;38;593.0;38
2022;ANTIOQUIA;GUADALUPE;5315.0;0;0;0;0;0;0.0;0;0;0;0;0;0;0.0;0.0;0;379.0;63;379.0;63
2022;ANTIOQUIA;GUARNE;5318.0;0;0;0;0;0;0.0;170760;111000;6;0;0;0;170760.0;111000.0;6;7957.0;1168;118957.0;1174
2022;ANTIOQUIA;GUATAPE;5321.0;0;0;0;0;0;0.0;0;0;0;0;0;0;0.0;0.0;0;1989.0;258;1989.0;258
2022;ANTIOQUIA;HELICONIA;5347.0;0;0;0;0;0;0.0;0;0;0;0;0;0;0.0;0.0;0;2963.0;329;2963.0;329
2022;ANTIOQUIA;HISPANIA;5353.0;0;0;0;0;0;0.0;0;0;0;85000;71500;1;85000.0;71500.0;1;2088.0;268;73588.0;269
2022;ANTIOQUIA;ITAGUI;5360.0;0;0;0;0;0;0.0;0;0;0;0;0;0;0.0;0.0;0;513.0;57;513.0;57
2022;ANTIOQUIA;ITUANGO;5361.0;0;0;0;0;0;0.0;0;0;0;0;0;0;0.0;0.0;0;3013.0;405;3013.0;405
2022;ANTIOQUIA;JARDIN;5364.0;0;0;0;0;0;0.0;0;0;0;0;0;0;0.0;0.0;0;3696.0;391;3696.0;391
2022;ANTIOQUIA;JERICO;5368.0;0;0;0;0;0;0.0;6000;3900;1;0;0;0;6000.0;3900.0;1;1164.0;137;5064.0;138
2022;ANTIOQUIA;LA CEJA;5376.0;0;0;0;0;0;0.0;288000;222300;4;0;0;0;288000.0;222300.0;4;4753.0;73;227053.0;77
2022;ANTIOQUIA;LA ESTRELLA;5380.0;105000;103000;2;0;0;0.0;7000;6800;1;0;0;0;112000.0;109800.0;3;1420.0;297;111220.0;300
2022;ANTIOQUIA;LA PINTADA;5390.0;0;0;0;0;0;0.0;0;0;0;0;0;0;0.0;0.0;0;3605.0;427;3605.0;427
2022;ANTIOQUIA;LA UNION;5400.0;0;0;0;0;0;0.0;35000;17000;2;0;0;0;35000.0;17000.0;2;1761.0;251;18761.0;253
2022;ANTIOQUIA;LIBORINA;5411.0;0;0;0;0;0;0.0;0;0;0;0;0;0;0.0;0.0;0;608.0;45;608.0;45
2022;ANTIOQUIA;MACEO;5425.0;0;0;0;0;0;0.0;0;0;0;0;0;0;0.0;0.0;0;402.0;31;402.0;31
2022;ANTIOQUIA;MARINILLA;5440.0;0;0;0;70000;46000;2.0;22500;14700;3;0;0;0;92500.0;60700.0;5;4325.0;433;65025.0;438
2022;ANTIOQUIA;MEDELLIN;5001.0;863500;821420;14;57000;31880;4.0;3000;2600;1;0;0;0;923500.0;855900.0;19;9135.0;1012;865035.0;1031
2022;ANTIOQUIA;MONTEBELLO;5467.0;0;0;0;0;0;0.0;0;0;0;0;0;0;0.0;0.0;0;1531.0;89;1531.0;89
2022;ANTIOQUIA;MURINDO;5475.0;0;0;0;0;0;0.0;0;0;0;0;0;0;0.0;0.0;0;1787.0;96;1787.0;96
2022;ANTIOQUIA;MUTATA;5480.0;0;0;0;0;0;0.0;0;0;0;0;0;0;0.0;0.0;0;4805.0;475;4805.0;475
2022;ANTIOQUIA;NARIÑO;5483.0;0;0;0;0;0;0.0;0;0;0;0;0;0;0.0;0.0;0;237.0;78;237.0;78
2022;ANTIOQUIA;NECHI;5495.0;0;0;0;0;0;0.0;0;0;0;0;0;0;0.0;0.0;0;1279.0;128;1279.0;128
2022;ANTIOQUIA;NECOCLI;5490.0;0;0;0;0;0;0.0;0;0;0;0;0;0;0.0;0.0;0;3697.0;364;3697.0;364
2022;ANTIOQUIA;OLAYA;5501.0;0;0;0;0;0;0.0;0;0;0;0;0;0;0.0;0.0;0;438.0;61;438.0;61
2022;ANTIOQUIA;PEQUE;5543.0;0;0;0;0;0;0.0;0;0;0;0;0;0;0.0;0.0;0;1280.0;158;1280.0;158
2022;ANTIOQUIA;PEÑOL;5541.0;0;0;0;0;0;0.0;0;0;0;0;0;0;0.0;0.0;0;3925.0;593;3925.0;593
2022;ANTIOQUIA;PUEBLORRICO;5576.0;0;0;0;0;0;0.0;0;0;0;0;0;0;0.0;0.0;0;1704.0;484;1704.0;484
2022;ANTIOQUIA;PUERTO BERRIO;5579.0;0;0;0;0;0;0.0;0;0;0;0;0;0;0.0;0.0;0;1865.0;396;1865.0;396
2022;ANTIOQUIA;PUERTO NARE;5585.0;0;0;0;0;0;0.0;0;0;0;0;0;0;0.0;0.0;0;2996.0;634;2996.0;634
2022;ANTIOQUIA;PUERTO TRIUNFO;5591.0;0;0;0;0;0;0.0;0;0;0;0;0;0;0.0;0.0;0;2315.0;596;2315.0;596
2022;ANTIOQUIA;REMEDIOS;5604.0;0;0;0;0;0;0.0;0;0;0;0;0;0;0.0;0.0;0;1100.0;265;1100.0;265
2022;ANTIOQUIA;RETIRO;5607.0;0;0;0;71400;71400;1.0;285000;250000;3;0;0;0;356400.0;321400.0;4;1531.0;569;322931.0;573
2022;ANTIOQUIA;RIONEGRO;5615.0;6500;5500;1;40000;30500;1.0;992057;733375;7;0;0;0;1038557.0;769375.0;9;3689.0;701;773064.0;710
2022;ANTIOQUIA;SABANALARGA;5628.0;0;0;0;0;0;0.0;0;0;0;0;0;0;0.0;0.0;0;998.0;251;998.0;251
2022;ANTIOQUIA;SABANETA;5631.0;150000;145000;1;56000;52000;1.0;0;0;0;0;0;0;206000.0;197000.0;2;2298.0;864;199298.0;866
2022;ANTIOQUIA;SALGAR;5642.0;0;0;0;0;0;0.0;0;0;0;0;0;0;0.0;0.0;0;3051.0;689;3051.0;689
2022;ANTIOQUIA;SAN ANDRES DE CUERQUIA;5647.0;0;0;0;0;0;0.0;0;0;0;0;0;0;0.0;0.0;0;533.0;43;533.0;43
2022;ANTIOQUIA;SAN CARLOS;5649.0;0;0;0;0;0;0.0;0;0;0;0;0;0;0.0;0.0;0;1952.0;585;1952.0;585
2022;ANTIOQUIA;SAN FRANCISCO;5652.0;0;0;0;0;0;0.0;0;0;0;0;0;0;0.0;0.0;0;1309.0;520;1309.0;520
2022;ANTIOQUIA;SAN JERONIMO;5656.0;0;0;0;0;0;0.0;0;0;0;0;0;0;0.0;0.0;0;1903.0;51;1903.0;51
2022;ANTIOQUIA;SAN JOSE DE LA MONTAÑA;5658.0;0;0;0;0;0;0.0;0;0;0;0;0;0;0.0;0.0;0;914.0;192;914.0;192
2022;ANTIOQUIA;SAN JUAN DE URABA;5659.0;0;0;0;0;0;0.0;0;0;0;0;0;0;0.0;0.0;0;525.0;79;525.0;79
2022;ANTIOQUIA;SAN LUIS;5660.0;0;0;0;0;0;0.0;0;0;0;0;0;0;0.0;0.0;0;1015.0;292;1015.0;292
2022;ANTIOQUIA;SAN PEDRO DE LOS MILAGROS;5664.0;0;0;0;0;0;0.0;206000;155000;3;0;0;0;206000.0;155000.0;3;1521.0;543;156521.0;546
2022;ANTIOQUIA;SAN PEDRO DE URABA;5665.0;0;0;0;0;0;0.0;0;0;0;0;0;0;0.0;0.0;0;49351.0;1197;49351.0;1197
2022;ANTIOQUIA;SAN RAFAEL;5667.0;0;0;0;0;0;0.0;0;0;0;0;0;0;0.0;0.0;0;1756.0;628;1756.0;628
2022;ANTIOQUIA;SAN ROQUE;5670.0;0;0;0;0;0;0.0;0;0;0;0;0;0;0.0;0.0;0;1393.0;406;1393.0;406
2022;ANTIOQUIA;SAN VICENTE FERRER;5674.0;0;0;0;0;0;0.0;90000;55000;1;0;0;0;90000.0;55000.0;1;2211.0;492;57211.0;493
2022;ANTIOQUIA;SANTA BARBARA;5679.0;0;0;0;0;0;0.0;0;0;0;0;0;0;0.0;0.0;0;5514.0;1269;5514.0;1269
2022;ANTIOQUIA;SANTA FE DE ANTIOQUIA;5042.0;0;0;0;42000;26500;1.0;0;0;0;0;0;0;42000.0;26500.0;1;4421.0;580;30921.0;581
2022;ANTIOQUIA;SANTA ROSA DE OSOS;5686.0;286000;121000;4;24000;22000;1.0;0;0;0;0;0;0;310000.0;143000.0;5;1463.0;912;144463.0;917
2022;ANTIOQUIA;SANTO DOMINGO;5690.0;492500;420000;4;0;0;0.0;0;0;0;0;0;0;492500.0;420000.0;4;926.0;232;420926.0;236
2022;ANTIOQUIA;SEGOVIA;5736.0;0;0;0;0;0;0.0;0;0;0;0;0;0;0.0;0.0;0;1026.0;415;1026.0;415
2022;ANTIOQUIA;SONSON;5756.0;0;0;0;0;0;0.0;0;0;0;0;0;0;0.0;0.0;0;3238.0;506;3238.0;506
2022;ANTIOQUIA;SOPETRAN;5761.0;0;0;0;0;0;0.0;0;0;0;0;0;0;0.0;0.0;0;4727.0;717;4727.0;717
2022;ANTIOQUIA;TAMESIS;5789.0;0;0;0;0;0;0.0;0;0;0;0;0;0;0.0;0.0;0;4084.0;659;4084.0;659
2022;ANTIOQUIA;TARAZA;5790.0;0;0;0;0;0;0.0;0;0;0;0;0;0;0.0;0.0;0;2479.0;526;2479.0;526
2022;ANTIOQUIA;TARSO;5792.0;0;0;0;0;0;0.0;0;0;0;0;0;0;0.0;0.0;0;1418.0;216;1418.0;216
2022;ANTIOQUIA;TITIRIBI;5809.0;158000;140000;1;0;0;0.0;0;0;0;0;0;0;158000.0;140000.0;1;1231.0;417;141231.0;418
2022;ANTIOQUIA;TOLEDO;5819.0;0;0;0;0;0;0.0;0;0;0;0;0;0;0.0;0.0;0;988.0;438;988.0;438
2022;ANTIOQUIA;TURBO;5837.0;0;0;0;0;0;0.0;86000;15600;2;0;0;0;86000.0;15600.0;2;2231.0;838;17831.0;840
2022;ANTIOQUIA;URAMITA;5842.0;0;0;0;0;0;0.0;0;0;0;0;0;0;0.0;0.0;0;535.0;101;535.0;101
2022;ANTIOQUIA;URRAO;5847.0;0;0;0;0;0;0.0;0;0;0;0;0;0;0.0;0.0;0;1030.0;275;1030.0;275
2022;ANTIOQUIA;VALDIVIA;5854.0;0;0;0;0;0;0.0;0;0;0;0;0;0;0.0;0.0;0;2850.0;465;2850.0;465
2022;ANTIOQUIA;VALPARAISO;5856.0;0;0;0;0;0;0.0;0;0;0;0;0;0;0.0;0.0;0;1405.0;137;1405.0;137
2022;ANTIOQUIA;VEGACHI;5858.0;0;0;0;0;0;0.0;0;0;0;0;0;0;0.0;0.0;0;2564.0;670;2564.0;670
2022;ANTIOQUIA;VENECIA;5861.0;0;0;0;0;0;0.0;0;0;0;0;0;0;0.0;0.0;0;4300.0;691;4300.0;691
2022;ANTIOQUIA;VIGIA DEL FUERTE;5873.0;0;0;0;0;0;0.0;0;0;0;0;0;0;0.0;0.0;0;815.0;21;815.0;21
2022;ANTIOQUIA;YALI;5885.0;0;0;0;0;0;0.0;0;0;0;0;0;0;0.0;0.0;0;1479.0;691;1479.0;691
2022;ANTIOQUIA;YARUMAL;5887.0;0;0;0;0;0;0.0;0;0;0;0;0;0;0.0;0.0;0;3871.0;712;3871.0;712
2022;ANTIOQUIA;YOLOMBO;5890.0;657000;305000;3;0;0;0.0;0;0;0;0;0;0;657000.0;305000.0;3;715.0;362;305715.0;365
2022;ANTIOQUIA;YONDO;5893.0;0;0;0;0;0;0.0;0;0;0;0;0;0;0.0;0.0;0;925.0;292;925.0;292
2022;ANTIOQUIA;ZARAGOZA;5895.0;2316;1895;3;0;0;0.0;2000;1850;1;0;0;0;4316.0;3745.0;4;1293.0;256;5038.0;260
2023;ANTIOQUIA;ABEJORRAL;5002.0;0;0;0;0;0;0.0;0;0;0;0;0;0;0.0;0.0;0;0.0;23;0.0;23
2023;ANTIOQUIA;ABRIAQUI;5004.0;0;0;0;0;0;0.0;0;0;0;0;0;0;0.0;0.0;0;2000.0;41;2000.0;41
2023;ANTIOQUIA;ALEJANDRIA;5021.0;0;0;0;0;0;0.0;1000;900;1;0;0;0;1000.0;900.0;1;454.0;68;1354.0;69
2023;ANTIOQUIA;AMAGA;5030.0;657400;684000;7;53000;38500;3.0;43000;14000;2;0;0;0;753400.0;736500.0;12;650.0;85;737150.0;97
2023;ANTIOQUIA;AMALFI;5031.0;0;0;0;0;0;0.0;12990;9462;5;0;0;0;12990.0;9462.0;5;2500.0;148;11962.0;153
2023;ANTIOQUIA;ANDES;5034.0;0;0;0;0;0;0.0;44000;30000;1;0;0;0;44000.0;30000.0;1;2401.0;905;32401.0;906
2023;ANTIOQUIA;ANGELOPOLIS;5036.0;0;0;0;0;0;0.0;0;0;0;0;0;0;0.0;0.0;0;852.0;415;852.0;415
2023;ANTIOQUIA;ANGOSTURA;5038.0;0;0;0;0;0;0.0;0;0;0;0;0;0;0.0;0.0;0;2300.0;1274;2300.0;1274
2023;ANTIOQUIA;ANORI;5040.0;0;0;0;0;0;0.0;0;0;0;0;0;0;0.0;0.0;0;7500.0;71;7500.0;71
2023;ANTIOQUIA;ANZA;5044.0;0;0;0;0;0;0.0;0;0;0;0;0;0;0.0;0.0;0;386.0;152;386.0;152
2023;ANTIOQUIA;APARTADO;5045.0;0;0;0;0;0;0.0;2000;1000;1;0;0;0;2000.0;1000.0;1;15000.0;5112;16000.0;5113
2023;ANTIOQUIA;ARBOLETES;5051.0;0;0;0;0;0;0.0;0;0;0;0;0;0;0.0;0.0;0;3697.0;1634;3697.0;1634
2023;ANTIOQUIA;ARGELIA;5055.0;0;0;0;0;0;0.0;0;0;0;0;0;0;0.0;0.0;0;440.0;217;440.0;217
2023;ANTIOQUIA;ARMENIA;5059.0;0;0;0;0;0;0.0;0;0;0;0;0;0;0.0;0.0;0;1500.0;885;1500.0;885
2023;ANTIOQUIA;BARBOSA;5079.0;597000;555532;8;31000;25000;1.0;6200;6200;2;95288;74331;3;729488.0;661063.0;14;15000.0;9342;676063.0;9356
2023;ANTIOQUIA;BELLO;5088.0;330000;315000;1;80000;35200;3.0;106400;65700;3;0;0;0;516400.0;415900.0;7;9300.0;7457;425200.0;7464
2023;ANTIOQUIA;BELMIRA;5086.0;0;0;0;0;0;0.0;130000;40000;1;0;0;0;130000.0;40000.0;1;600.0;295;40600.0;296
2023;ANTIOQUIA;BETANIA;5091.0;0;0;0;0;0;0.0;0;0;0;0;0;0;0.0;0.0;0;0.0;492;0.0;492
2023;ANTIOQUIA;BETULIA;5093.0;0;0;0;0;0;0.0;0;0;0;0;0;0;0.0;0.0;0;950.0;645;950.0;645
2023;ANTIOQUIA;BRICEÑO;5107.0;0;0;0;0;0;0.0;0;0;0;0;0;0;0.0;0.0;0;400.0;274;400.0;274
2023;ANTIOQUIA;BURITICA;5113.0;0;0;0;0;0;0.0;0;0;0;0;0;0;0.0;0.0;0;4000.0;802;4000.0;802
2023;ANTIOQUIA;CACERES;5120.0;0;0;0;0;0;0.0;1800;1120;2;0;0;0;1800.0;1120.0;2;4500.0;1754;5620.0;1756
2023;ANTIOQUIA;CAICEDO;5125.0;0;0;0;0;0;0.0;0;0;0;0;0;0;0.0;0.0;0;386.0;265;386.0;265
2023;ANTIOQUIA;CALDAS;5129.0;778000;730500;11;19000;0;2.0;9500;3900;2;0;0;0;806500.0;734400.0;15;2500.0;1401;736900.0;1416
2023;ANTIOQUIA;CAMPAMENTO;5134.0;0;0;0;0;0;0.0;0;0;0;0;0;0;0.0;0.0;0;1300.0;531;1300.0;531
2023;ANTIOQUIA;CARACOLI;5142.0;0;0;0;0;0;0.0;0;0;0;0;0;0;0.0;0.0;0;1152.0;636;1152.0;636
2023;ANTIOQUIA;CARAMANTA;5145.0;0;0;0;0;0;0.0;6500;4600;1;0;0;0;6500.0;4600.0;1;650.0;255;5250.0;256
2023;ANTIOQUIA;CAREPA;5147.0;600;600;1;0;0;0.0;220000;131000;1;0;0;0;220600.0;131600.0;2;2000.0;811;133600.0;813
2023;ANTIOQUIA;CAROLINA;5150.0;0;0;0;0;0;0.0;0;0;0;0;0;0;0.0;0.0;0;1200.0;275;1200.0;275
2023;ANTIOQUIA;CAUCASIA;5154.0;0;0;0;0;0;0.0;0;0;0;0;0;0;0.0;0.0;0;2500.0;1100;2500.0;1100
2023;ANTIOQUIA;CAÑASGORDAS;5138.0;0;0;0;0;0;0.0;0;0;0;0;0;0;0.0;0.0;0;4000.0;1759;4000.0;1759
2023;ANTIOQUIA;CHIGORODO;5172.0;0;0;0;0;0;0.0;120000;54000;1;0;0;0;120000.0;54000.0;1;9000.0;4931;63000.0;4932
2023;ANTIOQUIA;CISNEROS;5190.0;0;0;0;0;0;0.0;2000;1915;1;0;0;0;2000.0;1915.0;1;1500.0;691;3415.0;692
2023;ANTIOQUIA;CIUDAD BOLIVAR;5101.0;600;300;1;0;0;0.0;17600;5000;2;0;0;0;18200.0;5300.0;3;900.0;586;6200.0;589
2023;ANTIOQUIA;COCORNA;5197.0;0;0;0;0;0;0.0;0;0;0;0;0;0;0.0;0.0;0;3500.0;2148;3500.0;2148
2023;ANTIOQUIA;CONCEPCION;5206.0;171000;144000;2;0;0;0.0;0;0;0;0;0;0;171000.0;144000.0;2;1900.0;686;145900.0;688
2023;ANTIOQUIA;CONCORDIA;5209.0;0;0;0;0;0;0.0;6700;5000;1;0;0;0;6700.0;5000.0;1;2200.0;968;7200.0;969
2023;ANTIOQUIA;COPACABANA;5212.0;25000;22400;1;0;0;0.0;3500;2930;1;0;0;0;28500.0;25330.0;2;3723.0;1986;29053.0;1988
2023;ANTIOQUIA;DABEIBA;5234.0;0;0;0;0;0;0.0;2000;1800;1;0;0;0;2000.0;1800.0;1;4000.0;2220;5800.0;2221
2023;ANTIOQUIA;DONMATIAS;5237.0;1060000;818500;10;0;0;0.0;44000;26000;2;0;0;0;1104000.0;844500.0;12;4300.0;2876;848800.0;2888
2023;ANTIOQUIA;EBEJICO;5240.0;0;0;0;0;0;0.0;0;0;0;0;0;0;0.0;0.0;0;1100.0;199;1100.0;199
2023;ANTIOQUIA;EL BAGRE;5250.0;0;0;0;0;0;0.0;0;0;0;0;0;0;0.0;0.0;0;6000.0;2900;6000.0;2900
2023;ANTIOQUIA;EL CARMEN DE VIBORAL;5148.0;0;0;0;0;0;0.0;1968060;1572367;3;0;0;0;1968060.0;1572367.0;3;4000.0;2500;1576367.0;2503
2023;ANTIOQUIA;EL SANTUARIO;5697.0;0;0;0;155000;98800;3.0;507125;353928;4;0;0;0;662125.0;452728.0;7;1759.0;770;454487.0;777
2023;ANTIOQUIA;ENTRERRIOS;5264.0;0;0;0;0;0;0.0;0;0;0;0;0;0;0.0;0.0;0;1200.0;967;1200.0;967
2023;ANTIOQUIA;ENVIGADO;5266.0;0;0;0;0;0;0.0;0;0;0;0;0;0;0.0;0.0;0;750.0;495;750.0;495
2023;ANTIOQUIA;FREDONIA;5282.0;4000;3700;1;0;0;0.0;96000;70321;1;0;0;0;100000.0;74021.0;2;2000.0;971;76021.0;973
2023;ANTIOQUIA;FRONTINO;5284.0;0;0;0;0;0;0.0;319800;285648;3;0;0;0;319800.0;285648.0;3;1500.0;656;287148.0;659
2023;ANTIOQUIA;GIRALDO;5306.0;0;0;0;0;0;0.0;0;0;0;0;0;0;0.0;0.0;0;850.0;184;850.0;184
2023;ANTIOQUIA;GIRARDOTA;5308.0;563000;534000;12;8000;5000;1.0;12112;2700;2;0;0;0;583112.0;541700.0;15;5000.0;2862;546700.0;2877
2023;ANTIOQUIA;GOMEZ PLATA;5310.0;0;0;0;0;0;0.0;18300;12200;1;0;0;0;18300.0;12200.0;1;1000.0;434;13200.0;435
2023;ANTIOQUIA;GRANADA;5313.0;0;0;0;0;0;0.0;0;0;0;0;0;0;0.0;0.0;0;510.0;38;510.0;38
2023;ANTIOQUIA;GUADALUPE;5315.0;0;0;0;0;0;0.0;0;0;0;0;0;0;0.0;0.0;0;450.0;63;450.0;63
2023;ANTIOQUIA;GUARNE;5318.0;0;0;0;21000;18000;1.0;159800;113100;6;0;0;0;180800.0;131100.0;7;7500.0;1168;138600.0;1175
2023;ANTIOQUIA;GUATAPE;5321.0;0;0;0;0;0;0.0;0;0;0;0;0;0;0.0;0.0;0;3000.0;258;3000.0;258
2023;ANTIOQUIA;HELICONIA;5347.0;0;0;0;0;0;0.0;0;0;0;0;0;0;0.0;0.0;0;3000.0;329;3000.0;329
2023;ANTIOQUIA;HISPANIA;5353.0;0;0;0;0;0;0.0;0;0;0;95000;65000;1;95000.0;65000.0;1;2200.0;268;67200.0;269
2023;ANTIOQUIA;ITAGUI;5360.0;0;0;0;0;0;0.0;0;0;0;0;0;0;0.0;0.0;0;600.0;57;600.0;57
2023;ANTIOQUIA;ITUANGO;5361.0;0;0;0;0;0;0.0;0;0;0;0;0;0;0.0;0.0;0;3500.0;405;3500.0;405
2023;ANTIOQUIA;JARDIN;5364.0;0;0;0;0;0;0.0;0;0;0;0;0;0;0.0;0.0;0;2800.0;391;2800.0;391
2023;ANTIOQUIA;JERICO;5368.0;0;0;0;0;0;0.0;10000;9900;1;0;0;0;10000.0;9900.0;1;1200.0;137;11100.0;138
2023;ANTIOQUIA;LA CEJA;5376.0;0;0;0;0;0;0.0;366436;223587;4;0;0;0;366436.0;223587.0;4;5507.0;73;229094.0;77
2023;ANTIOQUIA;LA ESTRELLA;5380.0;105000;103000;2;0;0;0.0;10000;7200;2;0;0;0;115000.0;110200.0;4;1420.0;297;111620.0;301
2023;ANTIOQUIA;LA PINTADA;5390.0;0;0;0;0;0;0.0;0;0;0;0;0;0;0.0;0.0;0;3497.0;427;3497.0;427
2023;ANTIOQUIA;LA UNION;5400.0;0;0;0;0;0;0.0;163400;57400;2;0;0;0;163400.0;57400.0;2;1905.0;251;59305.0;253
2023;ANTIOQUIA;LIBORINA;5411.0;0;0;0;0;0;0.0;0;0;0;0;0;0;0.0;0.0;0;642.0;45;642.0;45
2023;ANTIOQUIA;MACEO;5425.0;0;0;0;0;0;0.0;0;0;0;0;0;0;0.0;0.0;0;400.0;31;400.0;31
2023;ANTIOQUIA;MARINILLA;5440.0;0;0;0;70000;45200;2.0;32500;10650;3;0;0;0;102500.0;55850.0;5;5100.0;433;60950.0;438
2023;ANTIOQUIA;MEDELLIN;5001.0;874500;809358;14;39900;27500;3.0;23000;14600;2;0;0;0;937400.0;851458.0;19;10000.0;1012;861458.0;1031
2023;ANTIOQUIA;MONTEBELLO;5467.0;0;0;0;0;0;0.0;500;200;1;0;0;0;500.0;200.0;1;1397.0;89;1597.0;90
2023;ANTIOQUIA;MURINDO;5475.0;1300;350;2;0;0;0.0;1600;789;2;0;0;0;2900.0;1139.0;4;1986.0;96;3125.0;100
2023;ANTIOQUIA;MUTATA;5480.0;280;200;1;0;0;0.0;0;0;0;0;0;0;280.0;200.0;1;5159.0;475;5359.0;476
2023;ANTIOQUIA;NARIÑO;5483.0;0;0;0;0;0;0.0;0;0;0;0;0;0;0.0;0.0;0;400.0;78;400.0;78
2023;ANTIOQUIA;NECHI;5495.0;0;0;0;0;0;0.0;0;0;0;0;0;0;0.0;0.0;0;1570.0;128;1570.0;128
2023;ANTIOQUIA;NECOCLI;5490.0;400;400;1;0;0;0.0;0;0;0;0;0;0;400.0;400.0;1;4500.0;364;4900.0;365
2023;ANTIOQUIA;OLAYA;5501.0;0;0;0;0;0;0.0;0;0;0;0;0;0;0.0;0.0;0;550.0;61;550.0;61
2023;ANTIOQUIA;PEQUE;5543.0;0;0;0;0;0;0.0;0;0;0;0;0;0;0.0;0.0;0;1834.0;158;1834.0;158
2023;ANTIOQUIA;PEÑOL;5541.0;0;0;0;0;0;0.0;15400;1500;1;0;0;0;15400.0;1500.0;1;4200.0;593;5700.0;594
2023;ANTIOQUIA;PUEBLORRICO;5576.0;0;0;0;0;0;0.0;0;0;0;0;0;0;0.0;0.0;0;1643.0;484;1643.0;484
2023;ANTIOQUIA;PUERTO BERRIO;5579.0;0;0;0;0;0;0.0;0;0;0;0;0;0;0.0;0.0;0;2100.0;396;2100.0;396
2023;ANTIOQUIA;PUERTO NARE;5585.0;0;0;0;0;0;0.0;0;0;0;0;0;0;0.0;0.0;0;3150.0;634;3150.0;634
2023;ANTIOQUIA;PUERTO TRIUNFO;5591.0;0;0;0;0;0;0.0;0;0;0;0;0;0;0.0;0.0;0;1924.0;596;1924.0;596
2023;ANTIOQUIA;REMEDIOS;5604.0;0;0;0;0;0;0.0;0;0;0;0;0;0;0.0;0.0;0;1564.0;265;1564.0;265
2023;ANTIOQUIA;RETIRO;5607.0;0;0;0;71000;68000;1.0;310000;224000;3;0;0;0;381000.0;292000.0;4;1721.0;569;293721.0;573
2023;ANTIOQUIA;RIONEGRO;5615.0;6800;6200;2;40000;30000;1.0;995657;768817;10;0;0;0;1042457.0;805017.0;13;4200.0;701;809217.0;714
2023;ANTIOQUIA;SABANALARGA;5628.0;0;0;0;0;0;0.0;0;0;0;0;0;0;0.0;0.0;0;1160.0;251;1160.0;251
2023;ANTIOQUIA;SABANETA;5631.0;160000;151000;1;48000;45000;1.0;0;0;0;0;0;0;208000.0;196000.0;2;2750.0;864;198750.0;866
2023;ANTIOQUIA;SALGAR;5642.0;0;0;0;0;0;0.0;0;0;0;0;0;0;0.0;0.0;0;3000.0;689;3000.0;689
2023;ANTIOQUIA;SAN ANDRES DE CUERQUIA;5647.0;0;0;0;0;0;0.0;0;0;0;0;0;0;0.0;0.0;0;1200.0;43;1200.0;43
2023;ANTIOQUIA;SAN CARLOS;5649.0;0;0;0;0;0;0.0;0;0;0;0;0;0;0.0;0.0;0;2350.0;585;2350.0;585
2023;ANTIOQUIA;SAN FRANCISCO;5652.0;0;0;0;0;0;0.0;0;0;0;0;0;0;0.0;0.0;0;1378.0;520;1378.0;520
2023;ANTIOQUIA;SAN JERONIMO;5656.0;0;0;0;0;0;0.0;0;0;0;0;0;0;0.0;0.0;0;2500.0;51;2500.0;51
2023;ANTIOQUIA;SAN JOSE DE LA MONTAÑA;5658.0;0;0;0;0;0;0.0;0;0;0;0;0;0;0.0;0.0;0;900.0;192;900.0;192
2023;ANTIOQUIA;SAN JUAN DE URABA;5659.0;0;0;0;0;0;0.0;0;0;0;0;0;0;0.0;0.0;0;780.0;79;780.0;79
2023;ANTIOQUIA;SAN LUIS;5660.0;0;0;0;0;0;0.0;0;0;0;0;0;0;0.0;0.0;0;945.0;292;945.0;292
2023;ANTIOQUIA;SAN PEDRO DE LOS MILAGROS;5664.0;0;0;0;0;0;0.0;203700;87700;4;0;0;0;203700.0;87700.0;4;1500.0;543;89200.0;547
2023;ANTIOQUIA;SAN PEDRO DE URABA;5665.0;0;0;0;0;0;0.0;0;0;0;0;0;0;0.0;0.0;0;49000.0;1197;49000.0;1197
2023;ANTIOQUIA;SAN RAFAEL;5667.0;0;0;0;0;0;0.0;0;0;0;0;0;0;0.0;0.0;0;2578.0;628;2578.0;628
2023;ANTIOQUIA;SAN ROQUE;5670.0;0;0;0;0;0;0.0;0;0;0;0;0;0;0.0;0.0;0;1950.0;406;1950.0;406
2023;ANTIOQUIA;SAN VICENTE FERRER;5674.0;0;0;0;65000;51000;1.0;110000;72000;1;0;0;0;175000.0;123000.0;2;2570.0;492;125570.0;494
2023;ANTIOQUIA;SANTA BARBARA;5679.0;0;0;0;0;0;0.0;0;0;0;0;0;0;0.0;0.0;0;5540.0;1269;5540.0;1269
2023;ANTIOQUIA;SANTA FE DE ANTIOQUIA;5042.0;0;0;0;45000;27000;1.0;120400;116400;2;0;0;0;165400.0;143400.0;3;6000.0;580;149400.0;583
2023;ANTIOQUIA;SANTA ROSA DE OSOS;5686.0;270000;190714;4;24000;20000;1.0;11700;7300;2;0;0;0;305700.0;218014.0;7;1542.0;912;219556.0;919
2023;ANTIOQUIA;SANTO DOMINGO;5690.0;808000;499154;4;0;0;0.0;2000;1700;1;0;0;0;810000.0;500854.0;5;1450.0;232;502304.0;237
2023;ANTIOQUIA;SEGOVIA;5736.0;0;0;0;0;0;0.0;0;0;0;0;0;0;0.0;0.0;0;2000.0;415;2000.0;415
2023;ANTIOQUIA;SONSON;5756.0;0;0;0;0;0;0.0;7000;7000;1;0;0;0;7000.0;7000.0;1;3500.0;506;10500.0;507
2023;ANTIOQUIA;SOPETRAN;5761.0;0;0;0;0;0;0.0;0;0;0;0;0;0;0.0;0.0;0;6500.0;717;6500.0;717
2023;ANTIOQUIA;TAMESIS;5789.0;0;0;0;0;0;0.0;23800;7100;2;0;0;0;23800.0;7100.0;2;4310.0;659;11410.0;661
2023;ANTIOQUIA;TARAZA;5790.0;0;0;0;0;0;0.0;0;0;0;0;0;0;0.0;0.0;0;3100.0;526;3100.0;526
2023;ANTIOQUIA;TARSO;5792.0;0;0;0;0;0;0.0;0;0;0;0;0;0;0.0;0.0;0;1510.0;216;1510.0;216
2023;ANTIOQUIA;TITIRIBI;5809.0;150000;140000;1;0;0;0.0;0;0;0;0;0;0;150000.0;140000.0;1;1256.0;417;141256.0;418
2023;ANTIOQUIA;TOLEDO;5819.0;0;0;0;0;0;0.0;0;0;0;0;0;0;0.0;0.0;0;950.0;438;950.0;438
2023;ANTIOQUIA;TURBO;5837.0;600;580;1;0;0;0.0;121000;34590;7;0;0;0;121600.0;35170.0;8;3010.0;838;38180.0;846
2023;ANTIOQUIA;URAMITA;5842.0;0;0;0;0;0;0.0;0;0;0;0;0;0;0.0;0.0;0;1750.0;101;1750.0;101
2023;ANTIOQUIA;URRAO;5847.0;0;0;0;0;0;0.0;900;700;1;0;0;0;900.0;700.0;1;1210.0;275;1910.0;276
2023;ANTIOQUIA;VALDIVIA;5854.0;0;0;0;0;0;0.0;0;0;0;0;0;0;0.0;0.0;0;3200.0;465;3200.0;465
2023;ANTIOQUIA;VALPARAISO;5856.0;0;0;0;0;0;0.0;0;0;0;0;0;0;0.0;0.0;0;1500.0;137;1500.0;137
2023;ANTIOQUIA;VEGACHI;5858.0;0;0;0;0;0;0.0;0;0;0;0;0;0;0.0;0.0;0;3500.0;670;3500.0;670
2023;ANTIOQUIA;VENECIA;5861.0;0;0;0;0;0;0.0;0;0;0;0;0;0;0.0;0.0;0;4300.0;691;4300.0;691
2023;ANTIOQUIA;VIGIA DEL FUERTE;5873.0;0;0;0;0;0;0.0;0;0;0;0;0;0;0.0;0.0;0;2100.0;21;2100.0;21
2023;ANTIOQUIA;YALI;5885.0;0;0;0;0;0;0.0;0;0;0;0;0;0;0.0;0.0;0;1500.0;691;1500.0;691
2023;ANTIOQUIA;YARUMAL;5887.0;0;0;0;0;0;0.0;2100;500;1;0;0;0;2100.0;500.0;1;3500.0;712;4000.0;713
2023;ANTIOQUIA;YOLOMBO;5890.0;456000;440300;4;0;0;0.0;0;0;0;0;0;0;456000.0;440300.0;4;1200.0;362;441500.0;366
2023;ANTIOQUIA;YONDO;5893.0;0;0;0;0;0;0.0;0;0;0;0;0;0;0.0;0.0;0;1250.0;292;1250.0;292
2023;ANTIOQUIA;ZARAGOZA;5895.0;2316;1900;3;0;0;0.0;2000;1600;1;0;0;0;4316.0;3500.0;4;2000.0;256;5500.0;260
2024;ANTIOQUIA;ABEJORRAL;5002.0;0;0.0;0;0;0;0.0;0.0;0.0;0.0;0;0;0;0.0;0.0;0;0.0;0;0.0;0
2024;ANTIOQUIA;ABRIAQUI;5004.0;0;0.0;0;0;0;0.0;0.0;0.0;0.0;0;0;0;0.0;0.0;0;2318.0;40;2318.0;40
2024;ANTIOQUIA;ALEJANDRIA;5021.0;0;0.0;0;0;0;0.0;1000.0;912.0;1.0;0;0;0;1000.0;912.0;1;467.0;65;1379.0;66
2024;ANTIOQUIA;AMAGA;5030.0;732500;620426.0;7;27000;20500;2.0;57000.0;19000.0;3.0;0;0;0;816500.0;659926.0;12;659.0;90;660585.0;102
2024;ANTIOQUIA;AMALFI;5031.0;0;0.0;0;0;0;0.0;1290.0;570.0;2.0;0;0;0;1290.0;570.0;2;2129.0;138;2699.0;140
2024;ANTIOQUIA;ANDES;5034.0;0;0.0;0;0;0;0.0;44000.0;30000.0;1.0;0;0;0;44000.0;30000.0;1;2230.0;909;32230.0;910
2024;ANTIOQUIA;ANGELOPOLIS;5036.0;0;0.0;0;0;0;0.0;0.0;0.0;0.0;0;0;0;0.0;0.0;0;834.0;412;834.0;412
2024;ANTIOQUIA;ANGOSTURA;5038.0;0;0.0;0;0;0;0.0;0.0;0.0;0.0;0;0;0;0.0;0.0;0;2256.0;1278;2256.0;1278
2024;ANTIOQUIA;ANORI;5040.0;0;0.0;0;0;0;0.0;0.0;0.0;0.0;0;0;0;0.0;0.0;0;7165.0;80;7165.0;80
2024;ANTIOQUIA;ANZA;5044.0;0;0.0;0;0;0;0.0;0.0;0.0;0.0;0;0;0;0.0;0.0;0;338.0;159;338.0;159
2024;ANTIOQUIA;APARTADO;5045.0;0;0.0;0;0;0;0.0;0.0;0.0;0.0;0;0;0;0.0;0.0;0;14300.0;5115;14300.0;5115
2024;ANTIOQUIA;ARBOLETES;5051.0;0;0.0;0;0;0;0.0;500.0;0.0;1.0;0;0;0;500.0;0.0;1;3678.0;1639;3678.0;1640
2024;ANTIOQUIA;ARGELIA;5055.0;0;0.0;0;0;0;0.0;0.0;0.0;0.0;0;0;0;0.0;0.0;0;389.0;201;389.0;201
2024;ANTIOQUIA;ARMENIA;5059.0;0;0.0;0;0;0;0.0;0.0;0.0;0.0;0;0;0;0.0;0.0;0;1238.0;878;1238.0;878
2024;ANTIOQUIA;BARBOSA;5079.0;592412;531172.0;9;31824;24690;1.0;6200.0;6200.0;2.0;97488;34943;3;727924.0;597005.0;15;14962.0;9336;611967.0;9351
2024;ANTIOQUIA;BELLO;5088.0;330000;315180.0;1;20000;0;2.0;177380.0;103200.0;6.0;0;0;0;527380.0;418380.0;9;9261.0;7478;427641.0;7487
2024;ANTIOQUIA;BELMIRA;5086.0;0;0.0;0;0;0;0.0;130000.0;40000.0;1.0;0;0;0;130000.0;40000.0;1;586.0;298;40586.0;299
2024;ANTIOQUIA;BETANIA;5091.0;0;0.0;0;0;0;0.0;0.0;0.0;0.0;0;0;0;0.0;0.0;0;1000.0;506;1000.0;506
2024;ANTIOQUIA;BETULIA;5093.0;0;0.0;0;0;0;0.0;0.0;0.0;0.0;0;0;0;0.0;0.0;0;917.0;658;917.0;658
2024;ANTIOQUIA;BRICEÑO;5107.0;0;0.0;0;0;0;0.0;0.0;0.0;0.0;0;0;0;0.0;0.0;0;371.0;278;371.0;278
2024;ANTIOQUIA;BURITICA;5113.0;0;0.0;0;0;0;0.0;0.0;0.0;0.0;0;0;0;0.0;0.0;0;3965.0;809;3965.0;809
2024;ANTIOQUIA;CACERES;5120.0;1000;300.0;1;0;0;0.0;1200.0;580.0;1.0;0;0;0;2200.0;880.0;2;4329.0;1758;5209.0;1760
2024;ANTIOQUIA;CAICEDO;5125.0;0;0.0;0;0;0;0.0;0.0;0.0;0.0;0;0;0;0.0;0.0;0;390.0;254;390.0;254
2024;ANTIOQUIA;CALDAS;5129.0;633572;558348.0;9;8000;0;1.0;9500.0;3900.0;2.0;0;0;0;651072.0;562248.0;12;2384.0;1408;564632.0;1420
2024;ANTIOQUIA;CAMPAMENTO;5134.0;0;0.0;0;0;0;0.0;0.0;0.0;0.0;0;0;0;0.0;0.0;0;1145.0;549;1145.0;549
2024;ANTIOQUIA;CARACOLI;5142.0;0;0.0;0;0;0;0.0;0.0;0.0;0.0;0;0;0;0.0;0.0;0;1132.0;698;1132.0;698
2024;ANTIOQUIA;CARAMANTA;5145.0;0;0.0;0;0;0;0.0;6500.0;3000.0;1.0;0;0;0;6500.0;3000.0;1;707.0;234;3707.0;235
2024;ANTIOQUIA;CAREPA;5147.0;600;100.0;1;0;0;0.0;220000.0;131000.0;1.0;0;0;0;220600.0;131100.0;2;2390.0;890;133490.0;892
2024;ANTIOQUIA;CAROLINA;5150.0;0;0.0;0;0;0;0.0;0.0;0.0;0.0;0;0;0;0.0;0.0;0;1193.0;290;1193.0;290
2024;ANTIOQUIA;CAUCASIA;5154.0;0;0.0;0;0;0;0.0;0.0;0.0;0.0;0;0;0;0.0;0.0;0;2700.0;1109;2700.0;1109
2024;ANTIOQUIA;CAÑASGORDAS;5138.0;0;0.0;0;0;0;0.0;0.0;0.0;0.0;0;0;0;0.0;0.0;0;3386.0;1790;3386.0;1790
2024;ANTIOQUIA;CHIGORODO;5172.0;0;0.0;0;0;0;0.0;120000.0;53250.0;1.0;0;0;0;120000.0;53250.0;1;9200.0;4970;62450.0;4971
2024;ANTIOQUIA;CISNEROS;5190.0;0;0.0;0;0;0;0.0;2000.0;1900.0;1.0;0;0;0;2000.0;1900.0;1;1689.0;700;3589.0;701
2024;ANTIOQUIA;CIUDAD BOLIVAR;5101.0;0;0.0;0;0;0;0.0;17600.0;5000.0;2.0;0;0;0;17600.0;5000.0;2;769.0;560;5769.0;562
2024;ANTIOQUIA;COCORNA;5197.0;0;0.0;0;0;0;0.0;1700.0;200.0;2.0;0;0;0;1700.0;200.0;2;3269.0;2571;3469.0;2573
2024;ANTIOQUIA;CONCEPCION;5206.0;170400;157340.0;2;0;0;0.0;0.0;0.0;0.0;0;0;0;170400.0;157340.0;2;2000.0;696;159340.0;698
2024;ANTIOQUIA;CONCORDIA;5209.0;0;0.0;0;0;0;0.0;6700.0;4800.0;1.0;0;0;0;6700.0;4800.0;1;2348.0;975;7148.0;976
2024;ANTIOQUIA;COPACABANA;5212.0;24600;21420.0;2;0;0;0.0;5500.0;2930.0;2.0;0;0;0;30100.0;24350.0;4;3769.0;1988;28119.0;1992
2024;ANTIOQUIA;DABEIBA;5234.0;0;0.0;0;0;0;0.0;3000.0;1500.0;2.0;0;0;0;3000.0;1500.0;2;4736.0;2237;6236.0;2239
2024;ANTIOQUIA;DONMATIAS;5237.0;1030655;787020.0;10;0;0;0.0;44000.0;26000.0;2.0;0;0;0;1074655.0;813020.0;12;4309.0;2856;817329.0;2868
2024;ANTIOQUIA;EBEJICO;5240.0;0;0.0;0;0;0;0.0;0.0;0.0;0.0;0;0;0;0.0;0.0;0;1000.0;176;1000.0;176
2024;ANTIOQUIA;EL BAGRE;5250.0;0;0.0;0;0;0;0.0;0.0;0.0;0.0;0;0;0;0.0;0.0;0;6180.0;2760;6180.0;2760
2024;ANTIOQUIA;EL CARMEN DE VIBORAL;5148.0;0;0.0;0;0;0;0.0;1970560.0;1579903.0;4.0;0;0;0;1970560.0;1579903.0;4;3403.0;2804;1583306.0;2808
2024;ANTIOQUIA;EL SANTUARIO;5697.0;2600;2300.0;1;155000;101400;3.0;509625.0;355855.0;4.0;0;0;0;667225.0;459555.0;8;1653.0;776;461208.0;784
2024;ANTIOQUIA;ENTRERRIOS;5264.0;0;0.0;0;0;0;0.0;0.0;0.0;0.0;0;0;0;0.0;0.0;0;1194.0;953;1194.0;953
2024;ANTIOQUIA;ENVIGADO;5266.0;0;0.0;0;0;0;0.0;0.0;0.0;0.0;0;0;0;0.0;0.0;0;734.0;486;734.0;486
2024;ANTIOQUIA;FREDONIA;5282.0;0;0.0;0;0;0;0.0;111000.0;85321.0;2.0;0;0;0;111000.0;85321.0;2;2000.0;943;87321.0;945
2024;ANTIOQUIA;FRONTINO;5284.0;0;0.0;0;0;0;0.0;319800.0;285648.0;3.0;0;0;0;319800.0;285648.0;3;1456.0;628;287104.0;631
2024;ANTIOQUIA;GIRALDO;5306.0;0;0.0;0;0;0;0.0;0.0;0.0;0.0;0;0;0;0.0;0.0;0;845.0;189;845.0;189
2024;ANTIOQUIA;GIRARDOTA;5308.0;501446;475118.0;12;0;0;0.0;0.0;0.0;0.0;0;0;0;501446.0;475118.0;12;5351.0;2866;480469.0;2878
2024;ANTIOQUIA;GOMEZ PLATA;5310.0;0;0.0;0;0;0;0.0;18300.0;12200.0;1.0;0;0;0;18300.0;12200.0;1;1000.0;417;13200.0;418
2024;ANTIOQUIA;GRANADA;5313.0;0;0.0;0;0;0;0.0;0.0;0.0;0.0;0;0;0;0.0;0.0;0;495.0;36;495.0;36
2024;ANTIOQUIA;GUADALUPE;5315.0;0;0.0;0;0;0;0.0;0.0;0.0;0.0;0;0;0;0.0;0.0;0;432.0;60;432.0;60
2024;ANTIOQUIA;GUARNE;5318.0;0;0.0;0;24000;13250;1.0;99400.0;90486.0;5.0;0;0;0;123400.0;103736.0;6;7000.0;1162;110736.0;1168
2024;ANTIOQUIA;GUATAPE;5321.0;0;0.0;0;0;0;0.0;0.0;0.0;0.0;0;0;0;0.0;0.0;0;3287.0;242;3287.0;242
2024;ANTIOQUIA;HELICONIA;5347.0;0;0.0;0;0;0;0.0;0.0;0.0;0.0;0;0;0;0.0;0.0;0;3578.0;322;3578.0;322
2024;ANTIOQUIA;HISPANIA;5353.0;0;0.0;0;0;0;0.0;0.0;0.0;0.0;115000;104000;1;115000.0;104000.0;1;2200.0;251;106200.0;252
2024;ANTIOQUIA;ITAGUI;5360.0;0;0.0;0;0;0;0.0;0.0;0.0;0.0;0;0;0;0.0;0.0;0;608.0;52;608.0;52
2024;ANTIOQUIA;ITUANGO;5361.0;0;0.0;0;0;0;0.0;0.0;0.0;0.0;0;0;0;0.0;0.0;0;3178.0;401;3178.0;401
2024;ANTIOQUIA;JARDIN;5364.0;0;0.0;0;0;0;0.0;0.0;0.0;0.0;0;0;0;0.0;0.0;0;2365.0;388;2365.0;388
2024;ANTIOQUIA;JERICO;5368.0;0;0.0;0;0;0;0.0;6000.0;6000.0;1.0;0;0;0;6000.0;6000.0;1;1200.0;123;7200.0;124
2024;ANTIOQUIA;LA CEJA;5376.0;0;0.0;0;0;0;0.0;360136.0;243607.0;4.0;0;0;0;360136.0;243607.0;4;5438.0;68;249045.0;72
2024;ANTIOQUIA;LA ESTRELLA;5380.0;104500;93285.0;2;0;0;0.0;23000.0;20500.0;2.0;0;0;0;127500.0;113785.0;4;1439.0;291;115224.0;295
2024;ANTIOQUIA;LA PINTADA;5390.0;0;0.0;0;0;0;0.0;0.0;0.0;0.0;0;0;0;0.0;0.0;0;3000.0;420;3000.0;420
2024;ANTIOQUIA;LA UNION;5400.0;0;0.0;0;0;0;0.0;146970.0;68408.0;1.0;0;0;0;146970.0;68408.0;1;1987.0;245;70395.0;246
2024;ANTIOQUIA;LIBORINA;5411.0;0;0.0;0;0;0;0.0;0.0;0.0;0.0;0;0;0;0.0;0.0;0;600.0;37;600.0;37
2024;ANTIOQUIA;MACEO;5425.0;0;0.0;0;0;0;0.0;0.0;0.0;0.0;0;0;0;0.0;0.0;0;437.0;32;437.0;32
2024;ANTIOQUIA;MARINILLA;5440.0;0;0.0;0;88000;64000;2.0;32500.0;11930.0;3.0;0;0;0;120500.0;75930.0;5;5000.0;456;80930.0;461
2024;ANTIOQUIA;MEDELLIN;5001.0;902700;721384.0;14;42000;28734;3.0;18000.0;12600.0;2.0;0;0;0;962700.0;762718.0;19;10165.0;1036;772883.0;1055
2024;ANTIOQUIA;MONTEBELLO;5467.0;0;0.0;0;0;0;0.0;0.0;0.0;0.0;0;0;0;0.0;0.0;0;1284.0;98;1284.0;98
2024;ANTIOQUIA;MURINDO;5475.0;1300;300.0;2;0;0;0.0;1600.0;789.0;2.0;0;0;0;2900.0;1089.0;4;1900.0;94;2989.0;98
2024;ANTIOQUIA;MUTATA;5480.0;280;210.0;1;0;0;0.0;0.0;0.0;0.0;0;0;0;280.0;210.0;1;5159.0;467;5369.0;468
2024;ANTIOQUIA;NARIÑO;5483.0;0;0.0;0;0;0;0.0;0.0;0.0;0.0;0;0;0;0.0;0.0;0;431.0;72;431.0;72
2024;ANTIOQUIA;NECHI;5495.0;0;0.0;0;0;0;0.0;0.0;0.0;0.0;0;0;0;0.0;0.0;0;1525.0;113;1525.0;113
2024;ANTIOQUIA;NECOCLI;5490.0;850;428.0;2;0;0;0.0;0.0;0.0;0.0;0;0;0;850.0;428.0;2;4378.0;384;4806.0;386
2024;ANTIOQUIA;OLAYA;5501.0;0;0.0;0;0;0;0.0;0.0;0.0;0.0;0;0;0;0.0;0.0;0;520.0;54;520.0;54
2024;ANTIOQUIA;PEQUE;5543.0;0;0.0;0;0;0;0.0;0.0;0.0;0.0;0;0;0;0.0;0.0;0;1831.0;134;1831.0;134
2024;ANTIOQUIA;PEÑOL;5541.0;0;0.0;0;0;0;0.0;17500.0;17000.0;2.0;0;0;0;17500.0;17000.0;2;4000.0;591;21000.0;593
2024;ANTIOQUIA;PUEBLORRICO;5576.0;0;0.0;0;0;0;0.0;0.0;0.0;0.0;0;0;0;0.0;0.0;0;1683.0;476;1683.0;476
2024;ANTIOQUIA;PUERTO BERRIO;5579.0;0;0.0;0;0;0;0.0;0.0;0.0;0.0;0;0;0;0.0;0.0;0;2100.0;385;2100.0;385
2024;ANTIOQUIA;PUERTO NARE;5585.0;0;0.0;0;0;0;0.0;0.0;0.0;0.0;0;0;0;0.0;0.0;0;3138.0;640;3138.0;640
2024;ANTIOQUIA;PUERTO TRIUNFO;5591.0;0;0.0;0;0;0;0.0;0.0;0.0;0.0;0;0;0;0.0;0.0;0;1760.0;538;1760.0;538
2024;ANTIOQUIA;REMEDIOS;5604.0;0;0.0;0;0;0;0.0;0.0;0.0;0.0;0;0;0;0.0;0.0;0;1500.0;287;1500.0;287
2024;ANTIOQUIA;RETIRO;5607.0;0;0.0;0;70000;21138;1.0;381000.0;306835.0;4.0;0;0;0;451000.0;327973.0;5;1700.0;589;329673.0;594
2024;ANTIOQUIA;RIONEGRO;5615.0;4800;4800.0;1;40000;18000;1.0;855089.0;586966.0;10.0;0;0;0;899889.0;609766.0;12;4169.0;705;613935.0;717
2024;ANTIOQUIA;SABANALARGA;5628.0;0;0.0;0;0;0;0.0;0.0;0.0;0.0;0;0;0;0.0;0.0;0;1159.0;249;1159.0;249
2024;ANTIOQUIA;SABANETA;5631.0;190000;175000.0;2;48000;45000;1.0;0.0;0.0;0.0;0;0;0;238000.0;220000.0;3;2543.0;861;222543.0;864
2024;ANTIOQUIA;SALGAR;5642.0;0;0.0;0;0;0;0.0;0.0;0.0;0.0;0;0;0;0.0;0.0;0;2783.0;682;2783.0;682
2024;ANTIOQUIA;SAN ANDRES DE CUERQUIA;5647.0;0;0.0;0;0;0;0.0;0.0;0.0;0.0;0;0;0;0.0;0.0;0;1204.0;38;1204.0;38
2024;ANTIOQUIA;SAN CARLOS;5649.0;0;0.0;0;0;0;0.0;0.0;0.0;0.0;0;0;0;0.0;0.0;0;2359.0;598;2359.0;598
2024;ANTIOQUIA;SAN FRANCISCO;5652.0;0;0.0;0;0;0;0.0;0.0;0.0;0.0;0;0;0;0.0;0.0;0;1368.0;567;1368.0;567
2024;ANTIOQUIA;SAN JERONIMO;5656.0;0;0.0;0;0;0;0.0;0.0;0.0;0.0;0;0;0;0.0;0.0;0;2300.0;54;2300.0;54
2024;ANTIOQUIA;SAN JOSE DE LA MONTAÑA;5658.0;0;0.0;0;0;0;0.0;0.0;0.0;0.0;0;0;0;0.0;0.0;0;879.0;176;879.0;176
2024;ANTIOQUIA;SAN JUAN DE URABA;5659.0;0;0.0;0;0;0;0.0;17000.0;9000.0;1.0;0;0;0;17000.0;9000.0;1;700.0;87;9700.0;88
2024;ANTIOQUIA;SAN LUIS;5660.0;0;0.0;0;0;0;0.0;0.0;0.0;0.0;0;0;0;0.0;0.0;0;940.0;293;940.0;293
2024;ANTIOQUIA;SAN PEDRO DE LOS MILAGROS;5664.0;0;0.0;0;19000;10000;2.0;203700.0;87700.0;4.0;0;0;0;222700.0;97700.0;6;1432.0;589;99132.0;595
2024;ANTIOQUIA;SAN PEDRO DE URABA;5665.0;0;0.0;0;0;0;0.0;0.0;0.0;0.0;0;0;0;0.0;0.0;0;49800.0;1176;49800.0;1176
2024;ANTIOQUIA;SAN RAFAEL;5667.0;0;0.0;0;0;0;0.0;0.0;0.0;0.0;0;0;0;0.0;0.0;0;2543.0;625;2543.0;625
2024;ANTIOQUIA;SAN ROQUE;5670.0;0;0.0;0;0;0;0.0;2000.0;1510.0;1.0;0;0;0;2000.0;1510.0;1;1967.0;409;3477.0;410
2024;ANTIOQUIA;SAN VICENTE FERRER;5674.0;0;0.0;0;65000;47000;1.0;110000.0;74000.0;1.0;0;0;0;175000.0;121000.0;2;2570.0;487;123570.0;489
2024;ANTIOQUIA;SANTA BARBARA;5679.0;1200;0.0;1;0;0;0.0;0.0;0.0;0.0;0;0;0;1200.0;0.0;1;5500.0;1233;5500.0;1234
2024;ANTIOQUIA;SANTA FE DE ANTIOQUIA;5042.0;0;0.0;0;45000;27000;1.0;158000.0;53000.0;2.0;0;0;0;203000.0;80000.0;3;5324.0;587;85324.0;590
2024;ANTIOQUIA;SANTA ROSA DE OSOS;5686.0;270000;120000.0;4;24000;19595;1.0;11700.0;7300.0;2.0;0;0;0;305700.0;146895.0;7;1732.0;879;148627.0;886
2024;ANTIOQUIA;SANTO DOMINGO;5690.0;612133;579666.0;4;0;0;0.0;2000.0;1700.0;1.0;0;0;0;614133.0;581366.0;5;1457.0;213;582823.0;218
2024;ANTIOQUIA;SEGOVIA;5736.0;0;0.0;0;0;0;0.0;0.0;0.0;0.0;0;0;0;0.0;0.0;0;2000.0;403;2000.0;403
2024;ANTIOQUIA;SONSON;5756.0;0;0.0;0;0;0;0.0;0.0;0.0;0.0;0;0;0;0.0;0.0;0;3467.0;497;3467.0;497
2024;ANTIOQUIA;SOPETRAN;5761.0;0;0.0;0;0;0;0.0;0.0;0.0;0.0;0;0;0;0.0;0.0;0;6459.0;712;6459.0;712
2024;ANTIOQUIA;TAMESIS;5789.0;0;0.0;0;0;0;0.0;0.0;0.0;0.0;0;0;0;0.0;0.0;0;4300.0;653;4300.0;653
2024;ANTIOQUIA;TARAZA;5790.0;0;0.0;0;0;0;0.0;0.0;0.0;0.0;0;0;0;0.0;0.0;0;2785.0;476;2785.0;476
2024;ANTIOQUIA;TARSO;5792.0;0;0.0;0;0;0;0.0;0.0;0.0;0.0;0;0;0;0.0;0.0;0;1510.0;219;1510.0;219
2024;ANTIOQUIA;TITIRIBI;5809.0;150000;139944.0;1;0;0;0.0;0.0;0.0;0.0;0;0;0;150000.0;139944.0;1;1200.0;412;141144.0;413
2024;ANTIOQUIA;TOLEDO;5819.0;0;0.0;0;0;0;0.0;0.0;0.0;0.0;0;0;0;0.0;0.0;0;942.0;432;942.0;432
2024;ANTIOQUIA;TURBO;5837.0;0;0.0;0;0;0;0.0;124000.0;29590.0;7.0;0;0;0;124000.0;29590.0;7;3000.0;845;32590.0;852
2024;ANTIOQUIA;URAMITA;5842.0;0;0.0;0;0;0;0.0;0.0;0.0;0.0;0;0;0;0.0;0.0;0;1578.0;107;1578.0;107
2024;ANTIOQUIA;URRAO;5847.0;0;0.0;0;0;0;0.0;0.0;0.0;0.0;0;0;0;0.0;0.0;0;1167.0;287;1167.0;287
2024;ANTIOQUIA;VALDIVIA;5854.0;0;0.0;0;0;0;0.0;0.0;0.0;0.0;0;0;0;0.0;0.0;0;3127.0;432;3127.0;432
2024;ANTIOQUIA;VALPARAISO;5856.0;0;0.0;0;0;0;0.0;0.0;0.0;0.0;0;0;0;0.0;0.0;0;1436.0;156;1436.0;156
2024;ANTIOQUIA;VEGACHI;5858.0;16000;0.0;1;0;0;0.0;1300.0;650.0;1.0;0;0;0;17300.0;650.0;2;3500.0;679;4150.0;681
2024;ANTIOQUIA;VENECIA;5861.0;0;0.0;0;0;0;0.0;0.0;0.0;0.0;0;0;0;0.0;0.0;0;4267.0;675;4267.0;675
2024;ANTIOQUIA;VIGIA DEL FUERTE;5873.0;0;0.0;0;0;0;0.0;0.0;0.0;0.0;0;0;0;0.0;0.0;0;1867.0;29;1867.0;29
2024;ANTIOQUIA;YALI;5885.0;0;0.0;0;0;0;0.0;0.0;0.0;0.0;0;0;0;0.0;0.0;0;1500.0;678;1500.0;678
2024;ANTIOQUIA;YARUMAL;5887.0;0;0.0;0;0;0;0.0;2100.0;500.0;1.0;0;0;0;2100.0;500.0;1;3400.0;727;3900.0;728
2024;ANTIOQUIA;YOLOMBO;5890.0;456000;440334.0;4;0;0;0.0;0.0;0.0;0.0;0;0;0;456000.0;440334.0;4;1198.0;354;441532.0;358
2024;ANTIOQUIA;YONDO;5893.0;0;0.0;0;0;0;0.0;0.0;0.0;0.0;0;0;0;0.0;0.0;0;1173.0;296;1173.0;296
2024;ANTIOQUIA;ZARAGOZA;5895.0;0;0.0;0;0;0;0.0;2000.0;1600.0;1.0;0;0;0;2000.0;1600.0;1;2000.0;263;3600.0;264
2025;ANTIOQUIA;ABEJORRAL;5002.0;0;0;0;0;0;0.0;0;0;0.0;0;0;0;0.0;0.0;0;0.0;0;0.0;0
2025;ANTIOQUIA;ABRIAQUI;5004.0;0;0;0;0;0;0.0;0;0;0.0;0;0;0;0.0;0.0;0;2318.0;40;2318.0;40
2025;ANTIOQUIA;ALEJANDRIA;5021.0;0;0;0;0;0;0.0;1000;912;1.0;0;0;0;1000.0;912.0;1;467.0;65;1379.0;66
2025;ANTIOQUIA;AMAGA;5030.0;687500;572901;6;12000;6000;1.0;57000;19000;3.0;0;0;0;756500.0;597901.0;10;659.0;90;598560.0;100
2025;ANTIOQUIA;AMALFI;5031.0;0;0;0;0;0;0.0;1290;570;2.0;0;0;0;1290.0;570.0;2;2129.0;138;2699.0;140
2025;ANTIOQUIA;ANDES;5034.0;0;0;0;0;0;0.0;44000;30000;1.0;0;0;0;44000.0;30000.0;1;2230.0;909;32230.0;910
2025;ANTIOQUIA;ANGELOPOLIS;5036.0;0;0;0;0;0;0.0;0;0;0.0;0;0;0;0.0;0.0;0;834.0;412;834.0;412
2025;ANTIOQUIA;ANGOSTURA;5038.0;0;0;0;0;0;0.0;0;0;0.0;0;0;0;0.0;0.0;0;2256.0;1278;2256.0;1278
2025;ANTIOQUIA;ANORI;5040.0;0;0;0;0;0;0.0;0;0;0.0;0;0;0;0.0;0.0;0;7165.0;80;7165.0;80
2025;ANTIOQUIA;ANZA;5044.0;0;0;0;0;0;0.0;0;0;0.0;0;0;0;0.0;0.0;0;338.0;159;338.0;159
2025;ANTIOQUIA;APARTADO;5045.0;0;0;0;0;0;0.0;0;0;0.0;0;0;0;0.0;0.0;0;14300.0;5115;14300.0;5115
2025;ANTIOQUIA;ARBOLETES;5051.0;0;0;0;0;0;0.0;500;0;1.0;0;0;0;500.0;0.0;1;3678.0;1639;3678.0;1640
2025;ANTIOQUIA;ARGELIA;5055.0;0;0;0;0;0;0.0;0;0;0.0;0;0;0;0.0;0.0;0;389.0;201;389.0;201
2025;ANTIOQUIA;ARMENIA;5059.0;0;0;0;0;0;0.0;0;0;0.0;0;0;0;0.0;0.0;0;1238.0;878;1238.0;878
2025;ANTIOQUIA;BARBOSA;5079.0;567412;523096;7;31824;24690;1.0;6200;6200;2.0;97488;34943;3;702924.0;588929.0;13;14962.0;9336;603891.0;9349
2025;ANTIOQUIA;BELLO;5088.0;422000;366000;1;0;0;0.0;177380;103200;6.0;0;0;0;599380.0;469200.0;7;9261.0;7478;478461.0;7485
2025;ANTIOQUIA;BELMIRA;5086.0;0;0;0;0;0;0.0;130000;40000;1.0;0;0;0;130000.0;40000.0;1;586.0;298;40586.0;299
2025;ANTIOQUIA;BETANIA;5091.0;0;0;0;0;0;0.0;0;0;0.0;0;0;0;0.0;0.0;0;1000.0;506;1000.0;506
2025;ANTIOQUIA;BETULIA;5093.0;0;0;0;0;0;0.0;0;0;0.0;0;0;0;0.0;0.0;0;917.0;658;917.0;658
2025;ANTIOQUIA;BRICEÑO;5107.0;0;0;0;0;0;0.0;0;0;0.0;0;0;0;0.0;0.0;0;371.0;278;371.0;278
2025;ANTIOQUIA;BURITICA;5113.0;0;0;0;0;0;0.0;0;0;0.0;0;0;0;0.0;0.0;0;3965.0;809;3965.0;809
2025;ANTIOQUIA;CACERES;5120.0;0;0;0;0;0;0.0;1200;580;1.0;0;0;0;1200.0;580.0;1;4329.0;1758;4909.0;1759
2025;ANTIOQUIA;CAICEDO;5125.0;0;0;0;0;0;0.0;0;0;0.0;0;0;0;0.0;0.0;0;390.0;254;390.0;254
2025;ANTIOQUIA;CALDAS;5129.0;565572;511326;7;0;0;0.0;9500;3900;2.0;0;0;0;575072.0;515226.0;9;2384.0;1408;517610.0;1417
2025;ANTIOQUIA;CAMPAMENTO;5134.0;0;0;0;0;0;0.0;0;0;0.0;0;0;0;0.0;0.0;0;1145.0;549;1145.0;549
2025;ANTIOQUIA;CARACOLI;5142.0;0;0;0;0;0;0.0;0;0;0.0;0;0;0;0.0;0.0;0;1132.0;698;1132.0;698
2025;ANTIOQUIA;CARAMANTA;5145.0;0;0;0;0;0;0.0;6500;3000;1.0;0;0;0;6500.0;3000.0;1;707.0;234;3707.0;235
2025;ANTIOQUIA;CAREPA;5147.0;600;100;1;0;0;0.0;220000;131000;1.0;0;0;0;220600.0;131100.0;2;2390.0;890;133490.0;892
2025;ANTIOQUIA;CAROLINA;5150.0;50000;50000;1;0;0;0.0;0;0;0.0;0;0;0;50000.0;50000.0;1;1193.0;290;51193.0;291
2025;ANTIOQUIA;CAUCASIA;5154.0;0;0;0;0;0;0.0;0;0;0.0;0;0;0;0.0;0.0;0;2700.0;1109;2700.0;1109
2025;ANTIOQUIA;CAÑASGORDAS;5138.0;0;0;0;0;0;0.0;0;0;0.0;0;0;0;0.0;0.0;0;3386.0;1790;3386.0;1790
2025;ANTIOQUIA;CHIGORODO;5172.0;0;0;0;0;0;0.0;120000;53250;1.0;0;0;0;120000.0;53250.0;1;9200.0;4970;62450.0;4971
2025;ANTIOQUIA;CISNEROS;5190.0;0;0;0;0;0;0.0;2000;1900;1.0;0;0;0;2000.0;1900.0;1;1689.0;700;3589.0;701
2025;ANTIOQUIA;CIUDAD BOLIVAR;5101.0;0;0;0;0;0;0.0;17600;5000;2.0;0;0;0;17600.0;5000.0;2;769.0;560;5769.0;562
2025;ANTIOQUIA;COCORNA;5197.0;0;0;0;0;0;0.0;1700;200;2.0;0;0;0;1700.0;200.0;2;3269.0;2571;3469.0;2573
2025;ANTIOQUIA;CONCEPCION;5206.0;170400;157340;2;0;0;0.0;0;0;0.0;0;0;0;170400.0;157340.0;2;2000.0;696;159340.0;698
2025;ANTIOQUIA;CONCORDIA;5209.0;0;0;0;0;0;0.0;6700;4800;1.0;0;0;0;6700.0;4800.0;1;2348.0;975;7148.0;976
2025;ANTIOQUIA;COPACABANA;5212.0;24000;21420;1;0;0;0.0;5500;2930;2.0;0;0;0;29500.0;24350.0;3;3769.0;1988;28119.0;1991
2025;ANTIOQUIA;DABEIBA;5234.0;0;0;0;0;0;0.0;3000;1500;2.0;0;0;0;3000.0;1500.0;2;4736.0;2237;6236.0;2239
2025;ANTIOQUIA;DONMATIAS;5237.0;1072655;885012;10;0;0;0.0;44000;26000;2.0;0;0;0;1116655.0;911012.0;12;4309.0;2856;915321.0;2868
2025;ANTIOQUIA;EBEJICO;5240.0;0;0;0;0;0;0.0;0;0;0.0;0;0;0;0.0;0.0;0;1000.0;176;1000.0;176
2025;ANTIOQUIA;EL BAGRE;5250.0;0;0;0;0;0;0.0;0;0;0.0;0;0;0;0.0;0.0;0;6180.0;2760;6180.0;2760
2025;ANTIOQUIA;EL CARMEN DE VIBORAL;5148.0;0;0;0;0;0;0.0;1970560;1579903;4.0;0;0;0;1970560.0;1579903.0;4;3403.0;2804;1583306.0;2808
2025;ANTIOQUIA;EL SANTUARIO;5697.0;2600;2300;1;149000;99800;2.0;509625;355855;4.0;0;0;0;661225.0;457955.0;7;1653.0;776;459608.0;783
2025;ANTIOQUIA;ENTRERRIOS;5264.0;0;0;0;0;0;0.0;0;0;0.0;0;0;0;0.0;0.0;0;1194.0;953;1194.0;953
2025;ANTIOQUIA;ENVIGADO;5266.0;0;0;0;0;0;0.0;0;0;0.0;0;0;0;0.0;0.0;0;734.0;486;734.0;486
2025;ANTIOQUIA;FREDONIA;5282.0;4000;3700;1;0;0;0.0;111000;85321;2.0;0;0;0;115000.0;89021.0;3;2000.0;943;91021.0;946
2025;ANTIOQUIA;FRONTINO;5284.0;0;0;0;0;0;0.0;319800;285648;3.0;0;0;0;319800.0;285648.0;3;1456.0;628;287104.0;631
2025;ANTIOQUIA;GIRALDO;5306.0;0;0;0;0;0;0.0;0;0;0.0;0;0;0;0.0;0.0;0;845.0;189;845.0;189
2025;ANTIOQUIA;GIRARDOTA;5308.0;488546;466028;10;0;0;0.0;0;0;0.0;0;0;0;488546.0;466028.0;10;5351.0;2866;471379.0;2876
2025;ANTIOQUIA;GOMEZ PLATA;5310.0;300;300;1;0;0;0.0;18300;12200;1.0;0;0;0;18600.0;12500.0;2;1000.0;417;13500.0;419
2025;ANTIOQUIA;GRANADA;5313.0;0;0;0;0;0;0.0;0;0;0.0;0;0;0;0.0;0.0;0;495.0;36;495.0;36
2025;ANTIOQUIA;GUADALUPE;5315.0;0;0;0;0;0;0.0;0;0;0.0;0;0;0;0.0;0.0;0;432.0;60;432.0;60
2025;ANTIOQUIA;GUARNE;5318.0;0;0;0;24000;13250;1.0;99400;90486;5.0;0;0;0;123400.0;103736.0;6;7000.0;1162;110736.0;1168
2025;ANTIOQUIA;GUATAPE;5321.0;0;0;0;0;0;0.0;0;0;0.0;0;0;0;0.0;0.0;0;3287.0;242;3287.0;242
2025;ANTIOQUIA;HELICONIA;5347.0;0;0;0;0;0;0.0;0;0;0.0;0;0;0;0.0;0.0;0;3578.0;322;3578.0;322
2025;ANTIOQUIA;HISPANIA;5353.0;0;0;0;0;0;0.0;0;0;0.0;120400;108000;1;120400.0;108000.0;1;2200.0;251;110200.0;252
2025;ANTIOQUIA;ITAGUI;5360.0;0;0;0;0;0;0.0;0;0;0.0;0;0;0;0.0;0.0;0;608.0;52;608.0;52
2025;ANTIOQUIA;ITUANGO;5361.0;0;0;0;0;0;0.0;0;0;0.0;0;0;0;0.0;0.0;0;3178.0;401;3178.0;401
2025;ANTIOQUIA;JARDIN;5364.0;0;0;0;0;0;0.0;0;0;0.0;0;0;0;0.0;0.0;0;2365.0;388;2365.0;388
2025;ANTIOQUIA;JERICO;5368.0;0;0;0;0;0;0.0;6000;6000;1.0;0;0;0;6000.0;6000.0;1;1200.0;123;7200.0;124
2025;ANTIOQUIA;LA CEJA;5376.0;0;0;0;0;0;0.0;360136;243607;4.0;0;0;0;360136.0;243607.0;4;5438.0;68;249045.0;72
2025;ANTIOQUIA;LA ESTRELLA;5380.0;104500;93285;2;0;0;0.0;23000;20500;2.0;0;0;0;127500.0;113785.0;4;1439.0;291;115224.0;295
2025;ANTIOQUIA;LA PINTADA;5390.0;0;0;0;0;0;0.0;0;0;0.0;0;0;0;0.0;0.0;0;3000.0;420;3000.0;420
2025;ANTIOQUIA;LA UNION;5400.0;0;0;0;0;0;0.0;146970;68408;1.0;0;0;0;146970.0;68408.0;1;1987.0;245;70395.0;246
2025;ANTIOQUIA;LIBORINA;5411.0;0;0;0;0;0;0.0;0;0;0.0;0;0;0;0.0;0.0;0;600.0;37;600.0;37
2025;ANTIOQUIA;MACEO;5425.0;0;0;0;0;0;0.0;0;0;0.0;0;0;0;0.0;0.0;0;437.0;32;437.0;32
2025;ANTIOQUIA;MARINILLA;5440.0;0;0;0;20000;15000;1.0;32500;11930;3.0;0;0;0;52500.0;26930.0;4;5000.0;456;31930.0;460
2025;ANTIOQUIA;MEDELLIN;5001.0;725700;617446;11;42000;28734;3.0;18000;12600;2.0;0;0;0;785700.0;658780.0;16;10165.0;1036;668945.0;1052
2025;ANTIOQUIA;MONTEBELLO;5467.0;0;0;0;0;0;0.0;0;0;0.0;0;0;0;0.0;0.0;0;1284.0;98;1284.0;98
2025;ANTIOQUIA;MURINDO;5475.0;1300;300;2;0;0;0.0;1600;789;2.0;0;0;0;2900.0;1089.0;4;1900.0;94;2989.0;98
2025;ANTIOQUIA;MUTATA;5480.0;280;210;1;0;0;0.0;0;0;0.0;0;0;0;280.0;210.0;1;5159.0;467;5369.0;468
2025;ANTIOQUIA;NARIÑO;5483.0;0;0;0;0;0;0.0;0;0;0.0;0;0;0;0.0;0.0;0;431.0;72;431.0;72
2025;ANTIOQUIA;NECHI;5495.0;0;0;0;0;0;0.0;0;0;0.0;0;0;0;0.0;0.0;0;1525.0;113;1525.0;113
2025;ANTIOQUIA;NECOCLI;5490.0;400;400;1;0;0;0.0;0;0;0.0;0;0;0;400.0;400.0;1;4378.0;384;4778.0;385
2025;ANTIOQUIA;OLAYA;5501.0;0;0;0;0;0;0.0;0;0;0.0;0;0;0;0.0;0.0;0;520.0;54;520.0;54
2025;ANTIOQUIA;PEQUE;5543.0;0;0;0;0;0;0.0;0;0;0.0;0;0;0;0.0;0.0;0;1831.0;134;1831.0;134
2025;ANTIOQUIA;PEÑOL;5541.0;0;0;0;0;0;0.0;17500;17000;2.0;0;0;0;17500.0;17000.0;2;4000.0;591;21000.0;593
2025;ANTIOQUIA;PUEBLORRICO;5576.0;0;0;0;0;0;0.0;0;0;0.0;0;0;0;0.0;0.0;0;1683.0;476;1683.0;476
2025;ANTIOQUIA;PUERTO BERRIO;5579.0;0;0;0;0;0;0.0;0;0;0.0;0;0;0;0.0;0.0;0;2100.0;385;2100.0;385
2025;ANTIOQUIA;PUERTO NARE;5585.0;0;0;0;0;0;0.0;0;0;0.0;0;0;0;0.0;0.0;0;3138.0;640;3138.0;640
2025;ANTIOQUIA;PUERTO TRIUNFO;5591.0;0;0;0;0;0;0.0;0;0;0.0;0;0;0;0.0;0.0;0;1760.0;538;1760.0;538
2025;ANTIOQUIA;REMEDIOS;5604.0;0;0;0;0;0;0.0;0;0;0.0;0;0;0;0.0;0.0;0;1500.0;287;1500.0;287
2025;ANTIOQUIA;RETIRO;5607.0;0;0;0;70000;21138;1.0;381000;306835;4.0;0;0;0;451000.0;327973.0;5;1700.0;589;329673.0;594
2025;ANTIOQUIA;RIONEGRO;5615.0;4800;4800;1;40000;18000;1.0;855089;586966;10.0;0;0;0;899889.0;609766.0;12;4169.0;705;613935.0;717
2025;ANTIOQUIA;SABANALARGA;5628.0;0;0;0;0;0;0.0;0;0;0.0;0;0;0;0.0;0.0;0;1159.0;249;1159.0;249
2025;ANTIOQUIA;SABANETA;5631.0;160000;151000;1;48000;45000;1.0;0;0;0.0;0;0;0;208000.0;196000.0;2;2543.0;861;198543.0;863
2025;ANTIOQUIA;SALGAR;5642.0;0;0;0;0;0;0.0;0;0;0.0;0;0;0;0.0;0.0;0;2783.0;682;2783.0;682
2025;ANTIOQUIA;SAN ANDRES DE CUERQUIA;5647.0;0;0;0;0;0;0.0;0;0;0.0;0;0;0;0.0;0.0;0;1204.0;38;1204.0;38
2025;ANTIOQUIA;SAN CARLOS;5649.0;0;0;0;0;0;0.0;0;0;0.0;0;0;0;0.0;0.0;0;2359.0;598;2359.0;598
2025;ANTIOQUIA;SAN FRANCISCO;5652.0;0;0;0;0;0;0.0;0;0;0.0;0;0;0;0.0;0.0;0;1368.0;567;1368.0;567
2025;ANTIOQUIA;SAN JERONIMO;5656.0;0;0;0;0;0;0.0;0;0;0.0;0;0;0;0.0;0.0;0;2300.0;54;2300.0;54
2025;ANTIOQUIA;SAN JOSE DE LA MONTAÑA;5658.0;0;0;0;0;0;0.0;0;0;0.0;0;0;0;0.0;0.0;0;879.0;176;879.0;176
2025;ANTIOQUIA;SAN JUAN DE URABA;5659.0;0;0;0;0;0;0.0;17000;9000;1.0;0;0;0;17000.0;9000.0;1;700.0;87;9700.0;88
2025;ANTIOQUIA;SAN LUIS;5660.0;0;0;0;0;0;0.0;0;0;0.0;0;0;0;0.0;0.0;0;940.0;293;940.0;293
2025;ANTIOQUIA;SAN PEDRO DE LOS MILAGROS;5664.0;0;0;0;11000;8000;1.0;203700;87700;4.0;0;0;0;214700.0;95700.0;5;1432.0;589;97132.0;594
2025;ANTIOQUIA;SAN PEDRO DE URABA;5665.0;0;0;0;0;0;0.0;0;0;0.0;0;0;0;0.0;0.0;0;49800.0;1176;49800.0;1176
2025;ANTIOQUIA;SAN RAFAEL;5667.0;0;0;0;0;0;0.0;0;0;0.0;0;0;0;0.0;0.0;0;2543.0;625;2543.0;625
2025;ANTIOQUIA;SAN ROQUE;5670.0;0;0;0;0;0;0.0;2000;1510;1.0;0;0;0;2000.0;1510.0;1;1967.0;409;3477.0;410
2025;ANTIOQUIA;SAN VICENTE FERRER;5674.0;0;0;0;65000;51000;1.0;110000;74000;1.0;0;0;0;175000.0;125000.0;2;2570.0;487;127570.0;489
2025;ANTIOQUIA;SANTA BARBARA;5679.0;1200;0;1;0;0;0.0;0;0;0.0;0;0;0;1200.0;0.0;1;5500.0;1233;5500.0;1234
2025;ANTIOQUIA;SANTA FE DE ANTIOQUIA;5042.0;0;0;0;45000;27000;1.0;158000;53000;2.0;0;0;0;203000.0;80000.0;3;5324.0;587;85324.0;590
2025;ANTIOQUIA;SANTA ROSA DE OSOS;5686.0;405000;230000;3;24000;19595;1.0;11700;7300;2.0;0;0;0;440700.0;256895.0;6;1732.0;879;258627.0;885
2025;ANTIOQUIA;SANTO DOMINGO;5690.0;604000;580134;4;0;0;0.0;2000;1700;1.0;0;0;0;606000.0;581834.0;5;1457.0;213;583291.0;218
2025;ANTIOQUIA;SEGOVIA;5736.0;0;0;0;0;0;0.0;0;0;0.0;0;0;0;0.0;0.0;0;2000.0;403;2000.0;403
2025;ANTIOQUIA;SONSON;5756.0;0;0;0;0;0;0.0;0;0;0.0;0;0;0;0.0;0.0;0;3467.0;497;3467.0;497
2025;ANTIOQUIA;SOPETRAN;5761.0;0;0;0;0;0;0.0;0;0;0.0;0;0;0;0.0;0.0;0;6459.0;712;6459.0;712
2025;ANTIOQUIA;TAMESIS;5789.0;0;0;0;0;0;0.0;0;0;0.0;0;0;0;0.0;0.0;0;4300.0;653;4300.0;653
2025;ANTIOQUIA;TARAZA;5790.0;0;0;0;0;0;0.0;0;0;0.0;0;0;0;0.0;0.0;0;2785.0;476;2785.0;476
2025;ANTIOQUIA;TARSO;5792.0;0;0;0;0;0;0.0;0;0;0.0;0;0;0;0.0;0.0;0;1510.0;219;1510.0;219
2025;ANTIOQUIA;TITIRIBI;5809.0;150000;139944;1;0;0;0.0;0;0;0.0;0;0;0;150000.0;139944.0;1;1200.0;412;141144.0;413
2025;ANTIOQUIA;TOLEDO;5819.0;0;0;0;0;0;0.0;0;0;0.0;0;0;0;0.0;0.0;0;942.0;432;942.0;432
2025;ANTIOQUIA;TURBO;5837.0;0;0;0;0;0;0.0;124000;29590;7.0;0;0;0;124000.0;29590.0;7;3000.0;845;32590.0;852
2025;ANTIOQUIA;URAMITA;5842.0;0;0;0;0;0;0.0;0;0;0.0;0;0;0;0.0;0.0;0;1578.0;107;1578.0;107
2025;ANTIOQUIA;URRAO;5847.0;0;0;0;0;0;0.0;0;0;0.0;0;0;0;0.0;0.0;0;1167.0;287;1167.0;287
2025;ANTIOQUIA;VALDIVIA;5854.0;0;0;0;0;0;0.0;0;0;0.0;0;0;0;0.0;0.0;0;3127.0;432;3127.0;432
2025;ANTIOQUIA;VALPARAISO;5856.0;0;0;0;0;0;0.0;0;0;0.0;0;0;0;0.0;0.0;0;1436.0;156;1436.0;156
2025;ANTIOQUIA;VEGACHI;5858.0;20000;15000;1;0;0;0.0;1300;650;1.0;0;0;0;21300.0;15650.0;2;3500.0;679;19150.0;681
2025;ANTIOQUIA;VENECIA;5861.0;0;0;0;0;0;0.0;0;0;0.0;0;0;0;0.0;0.0;0;4267.0;675;4267.0;675
2025;ANTIOQUIA;VIGIA DEL FUERTE;5873.0;0;0;0;0;0;0.0;0;0;0.0;0;0;0;0.0;0.0;0;1867.0;29;1867.0;29
2025;ANTIOQUIA;YALI;5885.0;0;0;0;0;0;0.0;0;0;0.0;0;0;0;0.0;0.0;0;1500.0;678;1500.0;678
2025;ANTIOQUIA;YARUMAL;5887.0;2000;1000;1;0;0;0.0;2100;500;1.0;0;0;0;4100.0;1500.0;2;3400.0;727;4900.0;729
2025;ANTIOQUIA;YOLOMBO;5890.0;458900;447882;4;0;0;0.0;0;0;0.0;0;0;0;458900.0;447882.0;4;1198.0;354;449080.0;358
2025;ANTIOQUIA;YONDO;5893.0;0;0;0;0;0;0.0;0;0;0.0;0;0;0;0.0;0.0;0;1173.0;296;1173.0;296
2025;ANTIOQUIA;ZARAGOZA;5895.0;0;0;0;0;0;0.0;2000;1600;1.0;0;0;0;2000.0;1600.0;1;2000.0;263;3600.0;264
